case_id,circuit_variant,num_qubits,input_depth,reps,circuit_file,device_file,pressure_bucket,target_pressure,routing_pressure,layout_tag,initial_layout
v00_t00_l00,0,110,100,20,/home/hoyt924.linux/qasmtrans/data/test_benchmark/routing_pressure_brisbane_depth100_fixed10/brisbane_topology_n110_v00.qasm,/home/hoyt924.linux/qasmtrans/data/devices/routing_pressure/ibm_brisbane_sub110.json,0,0.000000,0.000000,identity,"[0, 1, 2, 3, 4, 5, 6, 7, 8, 9, 10, 11, 12, 13, 14, 15, 16, 17, 18, 19, 20, 21, 22, 23, 24, 25, 26, 27, 28, 29, 30, 31, 32, 33, 34, 35, 36, 37, 38, 39, 40, 41, 42, 43, 44, 45, 46, 47, 48, 49, 50, 51, 52, 53, 54, 55, 56, 57, 58, 59, 60, 61, 62, 63, 64, 65, 66, 67, 68, 69, 70, 71, 72, 73, 74, 75, 76, 77, 78, 79, 80, 81, 82, 83, 84, 85, 86, 87, 88, 89, 90, 91, 92, 93, 94, 95, 96, 97, 98, 99, 100, 101, 102, 103, 104, 105, 106, 107, 108, 109]"
v00_t01_l00,0,110,100,20,/home/hoyt924.linux/qasmtrans/data/test_benchmark/routing_pressure_brisbane_depth100_fixed10/brisbane_topology_n110_v00.qasm,/home/hoyt924.linux/qasmtrans/data/devices/routing_pressure/ibm_brisbane_sub110.json,1,0.016129,0.016129,swap01_0001,"[0, 1, 2, 3, 4, 5, 6, 7, 8, 9, 10, 11, 12, 13, 14, 15, 16, 17, 18, 19, 20, 21, 22, 23, 24, 25, 26, 27, 28, 29, 30, 31, 32, 33, 34, 35, 36, 37, 38, 39, 40, 41, 42, 43, 44, 45, 46, 47, 48, 49, 50, 51, 52, 53, 54, 55, 56, 57, 58, 59, 60, 61, 62, 63, 64, 65, 66, 67, 68, 69, 70, 71, 72, 73, 74, 75, 76, 77, 78, 79, 80, 81, 82, 83, 84, 85, 86, 87, 88, 89, 90, 91, 92, 93, 94, 95, 96, 97, 98, 109, 100, 101, 102, 103, 104, 105, 106, 107, 108, 99]"
v00_t02_l00,0,110,100,20,/home/hoyt924.linux/qasmtrans/data/test_benchmark/routing_pressure_brisbane_depth100_fixed10/brisbane_topology_n110_v00.qasm,/home/hoyt924.linux/qasmtrans/data/devices/routing_pressure/ibm_brisbane_sub110.json,2,0.330645,0.330645,swap01_0101,"[0, 1, 2, 3, 4, 5, 53, 7, 8, 9, 10, 11, 12, 13, 14, 15, 16, 17, 18, 19, 20, 21, 22, 23, 24, 25, 26, 27, 28, 29, 30, 31, 32, 33, 34, 35, 36, 37, 38, 39, 40, 41, 42, 43, 44, 45, 46, 47, 48, 49, 50, 51, 52, 6, 54, 55, 56, 57, 58, 59, 60, 61, 62, 63, 64, 65, 66, 67, 68, 69, 70, 71, 72, 73, 74, 75, 76, 77, 78, 79, 80, 81, 82, 83, 84, 85, 86, 87, 88, 89, 90, 91, 92, 93, 94, 95, 96, 97, 98, 99, 100, 101, 102, 103, 104, 105, 106, 107, 108, 109]"
v00_t03_l00,0,110,100,20,/home/hoyt924.linux/qasmtrans/data/test_benchmark/routing_pressure_brisbane_depth100_fixed10/brisbane_topology_n110_v00.qasm,/home/hoyt924.linux/qasmtrans/data/devices/routing_pressure/ibm_brisbane_sub110.json,3,0.532258,0.532258,swap01_0026,"[0, 1, 2, 3, 4, 5, 6, 7, 8, 9, 10, 11, 12, 13, 14, 15, 16, 17, 18, 19, 20, 21, 22, 23, 24, 107, 26, 27, 28, 29, 30, 31, 32, 33, 34, 35, 36, 37, 38, 39, 40, 41, 42, 43, 44, 45, 46, 47, 48, 49, 50, 51, 52, 53, 54, 55, 56, 57, 58, 59, 60, 61, 62, 63, 64, 65, 66, 67, 68, 69, 70, 71, 72, 73, 74, 75, 76, 77, 78, 79, 80, 81, 82, 83, 84, 85, 86, 87, 88, 89, 90, 91, 92, 93, 94, 95, 96, 97, 98, 99, 100, 101, 102, 103, 104, 105, 106, 25, 108, 109]"
v00_t04_l00,0,110,100,20,/home/hoyt924.linux/qasmtrans/data/test_benchmark/routing_pressure_brisbane_depth100_fixed10/brisbane_topology_n110_v00.qasm,/home/hoyt924.linux/qasmtrans/data/devices/routing_pressure/ibm_brisbane_sub110.json,4,0.741935,0.741935,swap02_0234,"[0, 1, 2, 3, 4, 5, 6, 7, 8, 9, 10, 11, 12, 40, 14, 15, 16, 17, 18, 19, 20, 21, 22, 23, 53, 25, 26, 27, 28, 29, 30, 31, 32, 33, 34, 35, 36, 37, 38, 39, 13, 41, 42, 43, 44, 45, 46, 47, 48, 49, 50, 51, 52, 24, 54, 55, 56, 57, 58, 59, 60, 61, 62, 63, 64, 65, 66, 67, 68, 69, 70, 71, 72, 73, 74, 75, 76, 77, 78, 79, 80, 81, 82, 83, 84, 85, 86, 87, 88, 89, 90, 91, 92, 93, 94, 95, 96, 97, 98, 99, 100, 101, 102, 103, 104, 105, 106, 107, 108, 109]"
v00_t05_l00,0,110,100,20,/home/hoyt924.linux/qasmtrans/data/test_benchmark/routing_pressure_brisbane_depth100_fixed10/brisbane_topology_n110_v00.qasm,/home/hoyt924.linux/qasmtrans/data/devices/routing_pressure/ibm_brisbane_sub110.json,5,0.935484,0.935484,swap04_0617,"[0, 1, 2, 3, 4, 5, 6, 7, 8, 9, 10, 11, 44, 13, 14, 15, 16, 17, 18, 19, 20, 21, 22, 23, 24, 25, 26, 27, 28, 29, 53, 31, 32, 33, 34, 35, 36, 37, 38, 39, 40, 41, 42, 43, 12, 45, 46, 47, 48, 49, 50, 51, 52, 30, 54, 55, 56, 57, 58, 59, 60, 61, 62, 74, 64, 90, 66, 67, 68, 69, 70, 71, 72, 73, 63, 75, 76, 77, 78, 79, 80, 81, 82, 83, 84, 85, 86, 87, 88, 89, 65, 91, 92, 93, 94, 95, 96, 97, 98, 99, 100, 101, 102, 103, 104, 105, 106, 107, 108, 109]"
v00_t06_l00,0,110,100,20,/home/hoyt924.linux/qasmtrans/data/test_benchmark/routing_pressure_brisbane_depth100_fixed10/brisbane_topology_n110_v00.qasm,/home/hoyt924.linux/qasmtrans/data/devices/routing_pressure/ibm_brisbane_sub110.json,6,0.943548,0.943548,swap02_0224,"[0, 1, 2, 3, 4, 5, 6, 7, 8, 9, 10, 11, 12, 13, 14, 15, 16, 17, 18, 19, 20, 21, 22, 23, 24, 63, 26, 27, 28, 29, 30, 31, 32, 33, 73, 35, 36, 37, 38, 39, 40, 41, 42, 43, 44, 45, 46, 47, 48, 49, 50, 51, 52, 53, 54, 55, 56, 57, 58, 59, 60, 61, 62, 25, 64, 65, 66, 67, 68, 69, 70, 71, 72, 34, 74, 75, 76, 77, 78, 79, 80, 81, 82, 83, 84, 85, 86, 87, 88, 89, 90, 91, 92, 93, 94, 95, 96, 97, 98, 99, 100, 101, 102, 103, 104, 105, 106, 107, 108, 109]"
v00_t07_l00,0,110,100,20,/home/hoyt924.linux/qasmtrans/data/test_benchmark/routing_pressure_brisbane_depth100_fixed10/brisbane_topology_n110_v00.qasm,/home/hoyt924.linux/qasmtrans/data/devices/routing_pressure/ibm_brisbane_sub110.json,7,1.129032,1.129032,swap06_0741,"[0, 1, 2, 3, 4, 5, 6, 7, 8, 9, 10, 11, 12, 79, 14, 15, 16, 17, 18, 19, 20, 21, 22, 23, 24, 25, 31, 27, 28, 29, 30, 26, 32, 33, 34, 35, 36, 37, 38, 39, 40, 41, 42, 43, 44, 45, 46, 47, 48, 49, 95, 51, 52, 53, 54, 55, 56, 57, 58, 93, 60, 61, 75, 63, 64, 65, 66, 67, 68, 69, 70, 71, 72, 73, 74, 62, 76, 77, 78, 13, 80, 81, 82, 83, 84, 85, 86, 87, 88, 89, 90, 91, 92, 59, 109, 50, 96, 97, 98, 99, 100, 101, 102, 103, 104, 105, 106, 107, 108, 94]"
v00_t08_l00,0,110,100,20,/home/hoyt924.linux/qasmtrans/data/test_benchmark/routing_pressure_brisbane_depth100_fixed10/brisbane_topology_n110_v00.qasm,/home/hoyt924.linux/qasmtrans/data/devices/routing_pressure/ibm_brisbane_sub110.json,8,1.370968,1.370968,swap06_0744,"[0, 1, 52, 3, 4, 5, 6, 7, 8, 9, 10, 11, 12, 13, 14, 15, 16, 17, 18, 19, 20, 21, 22, 23, 24, 25, 57, 79, 28, 29, 30, 31, 32, 33, 34, 35, 36, 37, 27, 39, 84, 41, 42, 43, 44, 45, 46, 47, 48, 49, 50, 51, 2, 53, 54, 40, 56, 26, 58, 59, 60, 61, 62, 63, 64, 65, 66, 67, 68, 69, 70, 71, 72, 73, 74, 75, 76, 77, 78, 38, 80, 81, 82, 83, 55, 85, 86, 87, 88, 89, 90, 91, 92, 93, 94, 95, 96, 97, 98, 99, 100, 101, 102, 103, 104, 105, 106, 107, 108, 109]"
v00_t09_l00,0,110,100,20,/home/hoyt924.linux/qasmtrans/data/test_benchmark/routing_pressure_brisbane_depth100_fixed10/brisbane_topology_n110_v00.qasm,/home/hoyt924.linux/qasmtrans/data/devices/routing_pressure/ibm_brisbane_sub110.json,9,1.661290,1.661290,swap06_0730,"[0, 1, 2, 3, 4, 5, 6, 99, 8, 9, 10, 11, 12, 42, 14, 15, 16, 17, 18, 19, 20, 21, 22, 23, 24, 25, 26, 35, 28, 29, 30, 31, 32, 33, 34, 27, 36, 68, 59, 39, 40, 41, 13, 43, 44, 45, 46, 47, 48, 49, 50, 51, 52, 53, 54, 55, 56, 57, 58, 38, 60, 61, 62, 63, 64, 65, 66, 67, 37, 69, 70, 71, 72, 73, 79, 75, 76, 77, 78, 74, 80, 81, 82, 83, 84, 85, 86, 87, 88, 89, 90, 91, 92, 93, 94, 95, 96, 97, 98, 7, 100, 101, 102, 103, 104, 105, 106, 107, 108, 109]"
v01_t00_l00,1,110,100,20,/home/hoyt924.linux/qasmtrans/data/test_benchmark/routing_pressure_brisbane_depth100_fixed10/brisbane_topology_n110_v01.qasm,/home/hoyt924.linux/qasmtrans/data/devices/routing_pressure/ibm_brisbane_sub110.json,0,0.000000,0.000000,identity,"[0, 1, 2, 3, 4, 5, 6, 7, 8, 9, 10, 11, 12, 13, 14, 15, 16, 17, 18, 19, 20, 21, 22, 23, 24, 25, 26, 27, 28, 29, 30, 31, 32, 33, 34, 35, 36, 37, 38, 39, 40, 41, 42, 43, 44, 45, 46, 47, 48, 49, 50, 51, 52, 53, 54, 55, 56, 57, 58, 59, 60, 61, 62, 63, 64, 65, 66, 67, 68, 69, 70, 71, 72, 73, 74, 75, 76, 77, 78, 79, 80, 81, 82, 83, 84, 85, 86, 87, 88, 89, 90, 91, 92, 93, 94, 95, 96, 97, 98, 99, 100, 101, 102, 103, 104, 105, 106, 107, 108, 109]"
v01_t01_l00,1,110,100,20,/home/hoyt924.linux/qasmtrans/data/test_benchmark/routing_pressure_brisbane_depth100_fixed10/brisbane_topology_n110_v01.qasm,/home/hoyt924.linux/qasmtrans/data/devices/routing_pressure/ibm_brisbane_sub110.json,1,0.016129,0.016129,swap01_0001,"[0, 1, 2, 3, 4, 5, 6, 7, 8, 9, 10, 11, 12, 13, 14, 15, 16, 17, 18, 19, 20, 21, 22, 23, 24, 25, 26, 27, 28, 29, 30, 31, 32, 33, 34, 35, 36, 37, 38, 39, 40, 41, 42, 43, 44, 45, 46, 47, 48, 49, 50, 51, 52, 53, 54, 55, 56, 57, 58, 59, 60, 61, 62, 63, 64, 65, 66, 67, 68, 69, 70, 71, 72, 73, 74, 75, 76, 77, 78, 79, 80, 81, 82, 83, 84, 85, 86, 87, 88, 89, 90, 91, 92, 93, 94, 95, 96, 97, 98, 109, 100, 101, 102, 103, 104, 105, 106, 107, 108, 99]"
v01_t02_l00,1,110,100,20,/home/hoyt924.linux/qasmtrans/data/test_benchmark/routing_pressure_brisbane_depth100_fixed10/brisbane_topology_n110_v01.qasm,/home/hoyt924.linux/qasmtrans/data/devices/routing_pressure/ibm_brisbane_sub110.json,2,0.330645,0.330645,swap01_0101,"[0, 1, 2, 3, 4, 5, 53, 7, 8, 9, 10, 11, 12, 13, 14, 15, 16, 17, 18, 19, 20, 21, 22, 23, 24, 25, 26, 27, 28, 29, 30, 31, 32, 33, 34, 35, 36, 37, 38, 39, 40, 41, 42, 43, 44, 45, 46, 47, 48, 49, 50, 51, 52, 6, 54, 55, 56, 57, 58, 59, 60, 61, 62, 63, 64, 65, 66, 67, 68, 69, 70, 71, 72, 73, 74, 75, 76, 77, 78, 79, 80, 81, 82, 83, 84, 85, 86, 87, 88, 89, 90, 91, 92, 93, 94, 95, 96, 97, 98, 99, 100, 101, 102, 103, 104, 105, 106, 107, 108, 109]"
v01_t03_l00,1,110,100,20,/home/hoyt924.linux/qasmtrans/data/test_benchmark/routing_pressure_brisbane_depth100_fixed10/brisbane_topology_n110_v01.qasm,/home/hoyt924.linux/qasmtrans/data/devices/routing_pressure/ibm_brisbane_sub110.json,3,0.532258,0.532258,swap01_0026,"[0, 1, 2, 3, 4, 5, 6, 7, 8, 9, 10, 11, 12, 13, 14, 15, 16, 17, 18, 19, 20, 21, 22, 23, 24, 107, 26, 27, 28, 29, 30, 31, 32, 33, 34, 35, 36, 37, 38, 39, 40, 41, 42, 43, 44, 45, 46, 47, 48, 49, 50, 51, 52, 53, 54, 55, 56, 57, 58, 59, 60, 61, 62, 63, 64, 65, 66, 67, 68, 69, 70, 71, 72, 73, 74, 75, 76, 77, 78, 79, 80, 81, 82, 83, 84, 85, 86, 87, 88, 89, 90, 91, 92, 93, 94, 95, 96, 97, 98, 99, 100, 101, 102, 103, 104, 105, 106, 25, 108, 109]"
v01_t04_l00,1,110,100,20,/home/hoyt924.linux/qasmtrans/data/test_benchmark/routing_pressure_brisbane_depth100_fixed10/brisbane_topology_n110_v01.qasm,/home/hoyt924.linux/qasmtrans/data/devices/routing_pressure/ibm_brisbane_sub110.json,4,0.741935,0.741935,swap02_0234,"[0, 1, 2, 3, 4, 5, 6, 7, 8, 9, 10, 11, 12, 40, 14, 15, 16, 17, 18, 19, 20, 21, 22, 23, 53, 25, 26, 27, 28, 29, 30, 31, 32, 33, 34, 35, 36, 37, 38, 39, 13, 41, 42, 43, 44, 45, 46, 47, 48, 49, 50, 51, 52, 24, 54, 55, 56, 57, 58, 59, 60, 61, 62, 63, 64, 65, 66, 67, 68, 69, 70, 71, 72, 73, 74, 75, 76, 77, 78, 79, 80, 81, 82, 83, 84, 85, 86, 87, 88, 89, 90, 91, 92, 93, 94, 95, 96, 97, 98, 99, 100, 101, 102, 103, 104, 105, 106, 107, 108, 109]"
v01_t05_l00,1,110,100,20,/home/hoyt924.linux/qasmtrans/data/test_benchmark/routing_pressure_brisbane_depth100_fixed10/brisbane_topology_n110_v01.qasm,/home/hoyt924.linux/qasmtrans/data/devices/routing_pressure/ibm_brisbane_sub110.json,5,0.935484,0.935484,swap04_0617,"[0, 1, 2, 3, 4, 5, 6, 7, 8, 9, 10, 11, 44, 13, 14, 15, 16, 17, 18, 19, 20, 21, 22, 23, 24, 25, 26, 27, 28, 29, 53, 31, 32, 33, 34, 35, 36, 37, 38, 39, 40, 41, 42, 43, 12, 45, 46, 47, 48, 49, 50, 51, 52, 30, 54, 55, 56, 57, 58, 59, 60, 61, 62, 74, 64, 90, 66, 67, 68, 69, 70, 71, 72, 73, 63, 75, 76, 77, 78, 79, 80, 81, 82, 83, 84, 85, 86, 87, 88, 89, 65, 91, 92, 93, 94, 95, 96, 97, 98, 99, 100, 101, 102, 103, 104, 105, 106, 107, 108, 109]"
v01_t06_l00,1,110,100,20,/home/hoyt924.linux/qasmtrans/data/test_benchmark/routing_pressure_brisbane_depth100_fixed10/brisbane_topology_n110_v01.qasm,/home/hoyt924.linux/qasmtrans/data/devices/routing_pressure/ibm_brisbane_sub110.json,6,0.943548,0.943548,swap02_0224,"[0, 1, 2, 3, 4, 5, 6, 7, 8, 9, 10, 11, 12, 13, 14, 15, 16, 17, 18, 19, 20, 21, 22, 23, 24, 63, 26, 27, 28, 29, 30, 31, 32, 33, 73, 35, 36, 37, 38, 39, 40, 41, 42, 43, 44, 45, 46, 47, 48, 49, 50, 51, 52, 53, 54, 55, 56, 57, 58, 59, 60, 61, 62, 25, 64, 65, 66, 67, 68, 69, 70, 71, 72, 34, 74, 75, 76, 77, 78, 79, 80, 81, 82, 83, 84, 85, 86, 87, 88, 89, 90, 91, 92, 93, 94, 95, 96, 97, 98, 99, 100, 101, 102, 103, 104, 105, 106, 107, 108, 109]"
v01_t07_l00,1,110,100,20,/home/hoyt924.linux/qasmtrans/data/test_benchmark/routing_pressure_brisbane_depth100_fixed10/brisbane_topology_n110_v01.qasm,/home/hoyt924.linux/qasmtrans/data/devices/routing_pressure/ibm_brisbane_sub110.json,7,1.129032,1.129032,swap06_0741,"[0, 1, 2, 3, 4, 5, 6, 7, 8, 9, 10, 11, 12, 79, 14, 15, 16, 17, 18, 19, 20, 21, 22, 23, 24, 25, 31, 27, 28, 29, 30, 26, 32, 33, 34, 35, 36, 37, 38, 39, 40, 41, 42, 43, 44, 45, 46, 47, 48, 49, 95, 51, 52, 53, 54, 55, 56, 57, 58, 93, 60, 61, 75, 63, 64, 65, 66, 67, 68, 69, 70, 71, 72, 73, 74, 62, 76, 77, 78, 13, 80, 81, 82, 83, 84, 85, 86, 87, 88, 89, 90, 91, 92, 59, 109, 50, 96, 97, 98, 99, 100, 101, 102, 103, 104, 105, 106, 107, 108, 94]"
v01_t08_l00,1,110,100,20,/home/hoyt924.linux/qasmtrans/data/test_benchmark/routing_pressure_brisbane_depth100_fixed10/brisbane_topology_n110_v01.qasm,/home/hoyt924.linux/qasmtrans/data/devices/routing_pressure/ibm_brisbane_sub110.json,8,1.370968,1.370968,swap06_0744,"[0, 1, 52, 3, 4, 5, 6, 7, 8, 9, 10, 11, 12, 13, 14, 15, 16, 17, 18, 19, 20, 21, 22, 23, 24, 25, 57, 79, 28, 29, 30, 31, 32, 33, 34, 35, 36, 37, 27, 39, 84, 41, 42, 43, 44, 45, 46, 47, 48, 49, 50, 51, 2, 53, 54, 40, 56, 26, 58, 59, 60, 61, 62, 63, 64, 65, 66, 67, 68, 69, 70, 71, 72, 73, 74, 75, 76, 77, 78, 38, 80, 81, 82, 83, 55, 85, 86, 87, 88, 89, 90, 91, 92, 93, 94, 95, 96, 97, 98, 99, 100, 101, 102, 103, 104, 105, 106, 107, 108, 109]"
v01_t09_l00,1,110,100,20,/home/hoyt924.linux/qasmtrans/data/test_benchmark/routing_pressure_brisbane_depth100_fixed10/brisbane_topology_n110_v01.qasm,/home/hoyt924.linux/qasmtrans/data/devices/routing_pressure/ibm_brisbane_sub110.json,9,1.661290,1.661290,swap06_0730,"[0, 1, 2, 3, 4, 5, 6, 99, 8, 9, 10, 11, 12, 42, 14, 15, 16, 17, 18, 19, 20, 21, 22, 23, 24, 25, 26, 35, 28, 29, 30, 31, 32, 33, 34, 27, 36, 68, 59, 39, 40, 41, 13, 43, 44, 45, 46, 47, 48, 49, 50, 51, 52, 53, 54, 55, 56, 57, 58, 38, 60, 61, 62, 63, 64, 65, 66, 67, 37, 69, 70, 71, 72, 73, 79, 75, 76, 77, 78, 74, 80, 81, 82, 83, 84, 85, 86, 87, 88, 89, 90, 91, 92, 93, 94, 95, 96, 97, 98, 7, 100, 101, 102, 103, 104, 105, 106, 107, 108, 109]"
v02_t00_l00,2,110,100,20,/home/hoyt924.linux/qasmtrans/data/test_benchmark/routing_pressure_brisbane_depth100_fixed10/brisbane_topology_n110_v02.qasm,/home/hoyt924.linux/qasmtrans/data/devices/routing_pressure/ibm_brisbane_sub110.json,0,0.000000,0.000000,identity,"[0, 1, 2, 3, 4, 5, 6, 7, 8, 9, 10, 11, 12, 13, 14, 15, 16, 17, 18, 19, 20, 21, 22, 23, 24, 25, 26, 27, 28, 29, 30, 31, 32, 33, 34, 35, 36, 37, 38, 39, 40, 41, 42, 43, 44, 45, 46, 47, 48, 49, 50, 51, 52, 53, 54, 55, 56, 57, 58, 59, 60, 61, 62, 63, 64, 65, 66, 67, 68, 69, 70, 71, 72, 73, 74, 75, 76, 77, 78, 79, 80, 81, 82, 83, 84, 85, 86, 87, 88, 89, 90, 91, 92, 93, 94, 95, 96, 97, 98, 99, 100, 101, 102, 103, 104, 105, 106, 107, 108, 109]"
v02_t01_l00,2,110,100,20,/home/hoyt924.linux/qasmtrans/data/test_benchmark/routing_pressure_brisbane_depth100_fixed10/brisbane_topology_n110_v02.qasm,/home/hoyt924.linux/qasmtrans/data/devices/routing_pressure/ibm_brisbane_sub110.json,1,0.016129,0.016129,swap01_0001,"[0, 1, 2, 3, 4, 5, 6, 7, 8, 9, 10, 11, 12, 13, 14, 15, 16, 17, 18, 19, 20, 21, 22, 23, 24, 25, 26, 27, 28, 29, 30, 31, 32, 33, 34, 35, 36, 37, 38, 39, 40, 41, 42, 43, 44, 45, 46, 47, 48, 49, 50, 51, 52, 53, 54, 55, 56, 57, 58, 59, 60, 61, 62, 63, 64, 65, 66, 67, 68, 69, 70, 71, 72, 73, 74, 75, 76, 77, 78, 79, 80, 81, 82, 83, 84, 85, 86, 87, 88, 89, 90, 91, 92, 93, 94, 95, 96, 97, 98, 109, 100, 101, 102, 103, 104, 105, 106, 107, 108, 99]"
v02_t02_l00,2,110,100,20,/home/hoyt924.linux/qasmtrans/data/test_benchmark/routing_pressure_brisbane_depth100_fixed10/brisbane_topology_n110_v02.qasm,/home/hoyt924.linux/qasmtrans/data/devices/routing_pressure/ibm_brisbane_sub110.json,2,0.330645,0.330645,swap01_0101,"[0, 1, 2, 3, 4, 5, 53, 7, 8, 9, 10, 11, 12, 13, 14, 15, 16, 17, 18, 19, 20, 21, 22, 23, 24, 25, 26, 27, 28, 29, 30, 31, 32, 33, 34, 35, 36, 37, 38, 39, 40, 41, 42, 43, 44, 45, 46, 47, 48, 49, 50, 51, 52, 6, 54, 55, 56, 57, 58, 59, 60, 61, 62, 63, 64, 65, 66, 67, 68, 69, 70, 71, 72, 73, 74, 75, 76, 77, 78, 79, 80, 81, 82, 83, 84, 85, 86, 87, 88, 89, 90, 91, 92, 93, 94, 95, 96, 97, 98, 99, 100, 101, 102, 103, 104, 105, 106, 107, 108, 109]"
v02_t03_l00,2,110,100,20,/home/hoyt924.linux/qasmtrans/data/test_benchmark/routing_pressure_brisbane_depth100_fixed10/brisbane_topology_n110_v02.qasm,/home/hoyt924.linux/qasmtrans/data/devices/routing_pressure/ibm_brisbane_sub110.json,3,0.532258,0.532258,swap01_0026,"[0, 1, 2, 3, 4, 5, 6, 7, 8, 9, 10, 11, 12, 13, 14, 15, 16, 17, 18, 19, 20, 21, 22, 23, 24, 107, 26, 27, 28, 29, 30, 31, 32, 33, 34, 35, 36, 37, 38, 39, 40, 41, 42, 43, 44, 45, 46, 47, 48, 49, 50, 51, 52, 53, 54, 55, 56, 57, 58, 59, 60, 61, 62, 63, 64, 65, 66, 67, 68, 69, 70, 71, 72, 73, 74, 75, 76, 77, 78, 79, 80, 81, 82, 83, 84, 85, 86, 87, 88, 89, 90, 91, 92, 93, 94, 95, 96, 97, 98, 99, 100, 101, 102, 103, 104, 105, 106, 25, 108, 109]"
v02_t04_l00,2,110,100,20,/home/hoyt924.linux/qasmtrans/data/test_benchmark/routing_pressure_brisbane_depth100_fixed10/brisbane_topology_n110_v02.qasm,/home/hoyt924.linux/qasmtrans/data/devices/routing_pressure/ibm_brisbane_sub110.json,4,0.741935,0.741935,swap02_0234,"[0, 1, 2, 3, 4, 5, 6, 7, 8, 9, 10, 11, 12, 40, 14, 15, 16, 17, 18, 19, 20, 21, 22, 23, 53, 25, 26, 27, 28, 29, 30, 31, 32, 33, 34, 35, 36, 37, 38, 39, 13, 41, 42, 43, 44, 45, 46, 47, 48, 49, 50, 51, 52, 24, 54, 55, 56, 57, 58, 59, 60, 61, 62, 63, 64, 65, 66, 67, 68, 69, 70, 71, 72, 73, 74, 75, 76, 77, 78, 79, 80, 81, 82, 83, 84, 85, 86, 87, 88, 89, 90, 91, 92, 93, 94, 95, 96, 97, 98, 99, 100, 101, 102, 103, 104, 105, 106, 107, 108, 109]"
v02_t05_l00,2,110,100,20,/home/hoyt924.linux/qasmtrans/data/test_benchmark/routing_pressure_brisbane_depth100_fixed10/brisbane_topology_n110_v02.qasm,/home/hoyt924.linux/qasmtrans/data/devices/routing_pressure/ibm_brisbane_sub110.json,5,0.935484,0.935484,swap04_0617,"[0, 1, 2, 3, 4, 5, 6, 7, 8, 9, 10, 11, 44, 13, 14, 15, 16, 17, 18, 19, 20, 21, 22, 23, 24, 25, 26, 27, 28, 29, 53, 31, 32, 33, 34, 35, 36, 37, 38, 39, 40, 41, 42, 43, 12, 45, 46, 47, 48, 49, 50, 51, 52, 30, 54, 55, 56, 57, 58, 59, 60, 61, 62, 74, 64, 90, 66, 67, 68, 69, 70, 71, 72, 73, 63, 75, 76, 77, 78, 79, 80, 81, 82, 83, 84, 85, 86, 87, 88, 89, 65, 91, 92, 93, 94, 95, 96, 97, 98, 99, 100, 101, 102, 103, 104, 105, 106, 107, 108, 109]"
v02_t06_l00,2,110,100,20,/home/hoyt924.linux/qasmtrans/data/test_benchmark/routing_pressure_brisbane_depth100_fixed10/brisbane_topology_n110_v02.qasm,/home/hoyt924.linux/qasmtrans/data/devices/routing_pressure/ibm_brisbane_sub110.json,6,0.943548,0.943548,swap02_0224,"[0, 1, 2, 3, 4, 5, 6, 7, 8, 9, 10, 11, 12, 13, 14, 15, 16, 17, 18, 19, 20, 21, 22, 23, 24, 63, 26, 27, 28, 29, 30, 31, 32, 33, 73, 35, 36, 37, 38, 39, 40, 41, 42, 43, 44, 45, 46, 47, 48, 49, 50, 51, 52, 53, 54, 55, 56, 57, 58, 59, 60, 61, 62, 25, 64, 65, 66, 67, 68, 69, 70, 71, 72, 34, 74, 75, 76, 77, 78, 79, 80, 81, 82, 83, 84, 85, 86, 87, 88, 89, 90, 91, 92, 93, 94, 95, 96, 97, 98, 99, 100, 101, 102, 103, 104, 105, 106, 107, 108, 109]"
v02_t07_l00,2,110,100,20,/home/hoyt924.linux/qasmtrans/data/test_benchmark/routing_pressure_brisbane_depth100_fixed10/brisbane_topology_n110_v02.qasm,/home/hoyt924.linux/qasmtrans/data/devices/routing_pressure/ibm_brisbane_sub110.json,7,1.129032,1.129032,swap06_0741,"[0, 1, 2, 3, 4, 5, 6, 7, 8, 9, 10, 11, 12, 79, 14, 15, 16, 17, 18, 19, 20, 21, 22, 23, 24, 25, 31, 27, 28, 29, 30, 26, 32, 33, 34, 35, 36, 37, 38, 39, 40, 41, 42, 43, 44, 45, 46, 47, 48, 49, 95, 51, 52, 53, 54, 55, 56, 57, 58, 93, 60, 61, 75, 63, 64, 65, 66, 67, 68, 69, 70, 71, 72, 73, 74, 62, 76, 77, 78, 13, 80, 81, 82, 83, 84, 85, 86, 87, 88, 89, 90, 91, 92, 59, 109, 50, 96, 97, 98, 99, 100, 101, 102, 103, 104, 105, 106, 107, 108, 94]"
v02_t08_l00,2,110,100,20,/home/hoyt924.linux/qasmtrans/data/test_benchmark/routing_pressure_brisbane_depth100_fixed10/brisbane_topology_n110_v02.qasm,/home/hoyt924.linux/qasmtrans/data/devices/routing_pressure/ibm_brisbane_sub110.json,8,1.370968,1.370968,swap06_0744,"[0, 1, 52, 3, 4, 5, 6, 7, 8, 9, 10, 11, 12, 13, 14, 15, 16, 17, 18, 19, 20, 21, 22, 23, 24, 25, 57, 79, 28, 29, 30, 31, 32, 33, 34, 35, 36, 37, 27, 39, 84, 41, 42, 43, 44, 45, 46, 47, 48, 49, 50, 51, 2, 53, 54, 40, 56, 26, 58, 59, 60, 61, 62, 63, 64, 65, 66, 67, 68, 69, 70, 71, 72, 73, 74, 75, 76, 77, 78, 38, 80, 81, 82, 83, 55, 85, 86, 87, 88, 89, 90, 91, 92, 93, 94, 95, 96, 97, 98, 99, 100, 101, 102, 103, 104, 105, 106, 107, 108, 109]"
v02_t09_l00,2,110,100,20,/home/hoyt924.linux/qasmtrans/data/test_benchmark/routing_pressure_brisbane_depth100_fixed10/brisbane_topology_n110_v02.qasm,/home/hoyt924.linux/qasmtrans/data/devices/routing_pressure/ibm_brisbane_sub110.json,9,1.661290,1.661290,swap06_0730,"[0, 1, 2, 3, 4, 5, 6, 99, 8, 9, 10, 11, 12, 42, 14, 15, 16, 17, 18, 19, 20, 21, 22, 23, 24, 25, 26, 35, 28, 29, 30, 31, 32, 33, 34, 27, 36, 68, 59, 39, 40, 41, 13, 43, 44, 45, 46, 47, 48, 49, 50, 51, 52, 53, 54, 55, 56, 57, 58, 38, 60, 61, 62, 63, 64, 65, 66, 67, 37, 69, 70, 71, 72, 73, 79, 75, 76, 77, 78, 74, 80, 81, 82, 83, 84, 85, 86, 87, 88, 89, 90, 91, 92, 93, 94, 95, 96, 97, 98, 7, 100, 101, 102, 103, 104, 105, 106, 107, 108, 109]"
v03_t00_l00,3,110,100,20,/home/hoyt924.linux/qasmtrans/data/test_benchmark/routing_pressure_brisbane_depth100_fixed10/brisbane_topology_n110_v03.qasm,/home/hoyt924.linux/qasmtrans/data/devices/routing_pressure/ibm_brisbane_sub110.json,0,0.000000,0.000000,identity,"[0, 1, 2, 3, 4, 5, 6, 7, 8, 9, 10, 11, 12, 13, 14, 15, 16, 17, 18, 19, 20, 21, 22, 23, 24, 25, 26, 27, 28, 29, 30, 31, 32, 33, 34, 35, 36, 37, 38, 39, 40, 41, 42, 43, 44, 45, 46, 47, 48, 49, 50, 51, 52, 53, 54, 55, 56, 57, 58, 59, 60, 61, 62, 63, 64, 65, 66, 67, 68, 69, 70, 71, 72, 73, 74, 75, 76, 77, 78, 79, 80, 81, 82, 83, 84, 85, 86, 87, 88, 89, 90, 91, 92, 93, 94, 95, 96, 97, 98, 99, 100, 101, 102, 103, 104, 105, 106, 107, 108, 109]"
v03_t01_l00,3,110,100,20,/home/hoyt924.linux/qasmtrans/data/test_benchmark/routing_pressure_brisbane_depth100_fixed10/brisbane_topology_n110_v03.qasm,/home/hoyt924.linux/qasmtrans/data/devices/routing_pressure/ibm_brisbane_sub110.json,1,0.016129,0.016129,swap01_0001,"[0, 1, 2, 3, 4, 5, 6, 7, 8, 9, 10, 11, 12, 13, 14, 15, 16, 17, 18, 19, 20, 21, 22, 23, 24, 25, 26, 27, 28, 29, 30, 31, 32, 33, 34, 35, 36, 37, 38, 39, 40, 41, 42, 43, 44, 45, 46, 47, 48, 49, 50, 51, 52, 53, 54, 55, 56, 57, 58, 59, 60, 61, 62, 63, 64, 65, 66, 67, 68, 69, 70, 71, 72, 73, 74, 75, 76, 77, 78, 79, 80, 81, 82, 83, 84, 85, 86, 87, 88, 89, 90, 91, 92, 93, 94, 95, 96, 97, 98, 109, 100, 101, 102, 103, 104, 105, 106, 107, 108, 99]"
v03_t02_l00,3,110,100,20,/home/hoyt924.linux/qasmtrans/data/test_benchmark/routing_pressure_brisbane_depth100_fixed10/brisbane_topology_n110_v03.qasm,/home/hoyt924.linux/qasmtrans/data/devices/routing_pressure/ibm_brisbane_sub110.json,2,0.330645,0.330645,swap01_0101,"[0, 1, 2, 3, 4, 5, 53, 7, 8, 9, 10, 11, 12, 13, 14, 15, 16, 17, 18, 19, 20, 21, 22, 23, 24, 25, 26, 27, 28, 29, 30, 31, 32, 33, 34, 35, 36, 37, 38, 39, 40, 41, 42, 43, 44, 45, 46, 47, 48, 49, 50, 51, 52, 6, 54, 55, 56, 57, 58, 59, 60, 61, 62, 63, 64, 65, 66, 67, 68, 69, 70, 71, 72, 73, 74, 75, 76, 77, 78, 79, 80, 81, 82, 83, 84, 85, 86, 87, 88, 89, 90, 91, 92, 93, 94, 95, 96, 97, 98, 99, 100, 101, 102, 103, 104, 105, 106, 107, 108, 109]"
v03_t03_l00,3,110,100,20,/home/hoyt924.linux/qasmtrans/data/test_benchmark/routing_pressure_brisbane_depth100_fixed10/brisbane_topology_n110_v03.qasm,/home/hoyt924.linux/qasmtrans/data/devices/routing_pressure/ibm_brisbane_sub110.json,3,0.532258,0.532258,swap01_0026,"[0, 1, 2, 3, 4, 5, 6, 7, 8, 9, 10, 11, 12, 13, 14, 15, 16, 17, 18, 19, 20, 21, 22, 23, 24, 107, 26, 27, 28, 29, 30, 31, 32, 33, 34, 35, 36, 37, 38, 39, 40, 41, 42, 43, 44, 45, 46, 47, 48, 49, 50, 51, 52, 53, 54, 55, 56, 57, 58, 59, 60, 61, 62, 63, 64, 65, 66, 67, 68, 69, 70, 71, 72, 73, 74, 75, 76, 77, 78, 79, 80, 81, 82, 83, 84, 85, 86, 87, 88, 89, 90, 91, 92, 93, 94, 95, 96, 97, 98, 99, 100, 101, 102, 103, 104, 105, 106, 25, 108, 109]"
v03_t04_l00,3,110,100,20,/home/hoyt924.linux/qasmtrans/data/test_benchmark/routing_pressure_brisbane_depth100_fixed10/brisbane_topology_n110_v03.qasm,/home/hoyt924.linux/qasmtrans/data/devices/routing_pressure/ibm_brisbane_sub110.json,4,0.741935,0.741935,swap02_0234,"[0, 1, 2, 3, 4, 5, 6, 7, 8, 9, 10, 11, 12, 40, 14, 15, 16, 17, 18, 19, 20, 21, 22, 23, 53, 25, 26, 27, 28, 29, 30, 31, 32, 33, 34, 35, 36, 37, 38, 39, 13, 41, 42, 43, 44, 45, 46, 47, 48, 49, 50, 51, 52, 24, 54, 55, 56, 57, 58, 59, 60, 61, 62, 63, 64, 65, 66, 67, 68, 69, 70, 71, 72, 73, 74, 75, 76, 77, 78, 79, 80, 81, 82, 83, 84, 85, 86, 87, 88, 89, 90, 91, 92, 93, 94, 95, 96, 97, 98, 99, 100, 101, 102, 103, 104, 105, 106, 107, 108, 109]"
v03_t05_l00,3,110,100,20,/home/hoyt924.linux/qasmtrans/data/test_benchmark/routing_pressure_brisbane_depth100_fixed10/brisbane_topology_n110_v03.qasm,/home/hoyt924.linux/qasmtrans/data/devices/routing_pressure/ibm_brisbane_sub110.json,5,0.935484,0.935484,swap04_0617,"[0, 1, 2, 3, 4, 5, 6, 7, 8, 9, 10, 11, 44, 13, 14, 15, 16, 17, 18, 19, 20, 21, 22, 23, 24, 25, 26, 27, 28, 29, 53, 31, 32, 33, 34, 35, 36, 37, 38, 39, 40, 41, 42, 43, 12, 45, 46, 47, 48, 49, 50, 51, 52, 30, 54, 55, 56, 57, 58, 59, 60, 61, 62, 74, 64, 90, 66, 67, 68, 69, 70, 71, 72, 73, 63, 75, 76, 77, 78, 79, 80, 81, 82, 83, 84, 85, 86, 87, 88, 89, 65, 91, 92, 93, 94, 95, 96, 97, 98, 99, 100, 101, 102, 103, 104, 105, 106, 107, 108, 109]"
v03_t06_l00,3,110,100,20,/home/hoyt924.linux/qasmtrans/data/test_benchmark/routing_pressure_brisbane_depth100_fixed10/brisbane_topology_n110_v03.qasm,/home/hoyt924.linux/qasmtrans/data/devices/routing_pressure/ibm_brisbane_sub110.json,6,0.943548,0.943548,swap02_0224,"[0, 1, 2, 3, 4, 5, 6, 7, 8, 9, 10, 11, 12, 13, 14, 15, 16, 17, 18, 19, 20, 21, 22, 23, 24, 63, 26, 27, 28, 29, 30, 31, 32, 33, 73, 35, 36, 37, 38, 39, 40, 41, 42, 43, 44, 45, 46, 47, 48, 49, 50, 51, 52, 53, 54, 55, 56, 57, 58, 59, 60, 61, 62, 25, 64, 65, 66, 67, 68, 69, 70, 71, 72, 34, 74, 75, 76, 77, 78, 79, 80, 81, 82, 83, 84, 85, 86, 87, 88, 89, 90, 91, 92, 93, 94, 95, 96, 97, 98, 99, 100, 101, 102, 103, 104, 105, 106, 107, 108, 109]"
v03_t07_l00,3,110,100,20,/home/hoyt924.linux/qasmtrans/data/test_benchmark/routing_pressure_brisbane_depth100_fixed10/brisbane_topology_n110_v03.qasm,/home/hoyt924.linux/qasmtrans/data/devices/routing_pressure/ibm_brisbane_sub110.json,7,1.129032,1.129032,swap06_0741,"[0, 1, 2, 3, 4, 5, 6, 7, 8, 9, 10, 11, 12, 79, 14, 15, 16, 17, 18, 19, 20, 21, 22, 23, 24, 25, 31, 27, 28, 29, 30, 26, 32, 33, 34, 35, 36, 37, 38, 39, 40, 41, 42, 43, 44, 45, 46, 47, 48, 49, 95, 51, 52, 53, 54, 55, 56, 57, 58, 93, 60, 61, 75, 63, 64, 65, 66, 67, 68, 69, 70, 71, 72, 73, 74, 62, 76, 77, 78, 13, 80, 81, 82, 83, 84, 85, 86, 87, 88, 89, 90, 91, 92, 59, 109, 50, 96, 97, 98, 99, 100, 101, 102, 103, 104, 105, 106, 107, 108, 94]"
v03_t08_l00,3,110,100,20,/home/hoyt924.linux/qasmtrans/data/test_benchmark/routing_pressure_brisbane_depth100_fixed10/brisbane_topology_n110_v03.qasm,/home/hoyt924.linux/qasmtrans/data/devices/routing_pressure/ibm_brisbane_sub110.json,8,1.370968,1.370968,swap06_0744,"[0, 1, 52, 3, 4, 5, 6, 7, 8, 9, 10, 11, 12, 13, 14, 15, 16, 17, 18, 19, 20, 21, 22, 23, 24, 25, 57, 79, 28, 29, 30, 31, 32, 33, 34, 35, 36, 37, 27, 39, 84, 41, 42, 43, 44, 45, 46, 47, 48, 49, 50, 51, 2, 53, 54, 40, 56, 26, 58, 59, 60, 61, 62, 63, 64, 65, 66, 67, 68, 69, 70, 71, 72, 73, 74, 75, 76, 77, 78, 38, 80, 81, 82, 83, 55, 85, 86, 87, 88, 89, 90, 91, 92, 93, 94, 95, 96, 97, 98, 99, 100, 101, 102, 103, 104, 105, 106, 107, 108, 109]"
v03_t09_l00,3,110,100,20,/home/hoyt924.linux/qasmtrans/data/test_benchmark/routing_pressure_brisbane_depth100_fixed10/brisbane_topology_n110_v03.qasm,/home/hoyt924.linux/qasmtrans/data/devices/routing_pressure/ibm_brisbane_sub110.json,9,1.661290,1.661290,swap06_0730,"[0, 1, 2, 3, 4, 5, 6, 99, 8, 9, 10, 11, 12, 42, 14, 15, 16, 17, 18, 19, 20, 21, 22, 23, 24, 25, 26, 35, 28, 29, 30, 31, 32, 33, 34, 27, 36, 68, 59, 39, 40, 41, 13, 43, 44, 45, 46, 47, 48, 49, 50, 51, 52, 53, 54, 55, 56, 57, 58, 38, 60, 61, 62, 63, 64, 65, 66, 67, 37, 69, 70, 71, 72, 73, 79, 75, 76, 77, 78, 74, 80, 81, 82, 83, 84, 85, 86, 87, 88, 89, 90, 91, 92, 93, 94, 95, 96, 97, 98, 7, 100, 101, 102, 103, 104, 105, 106, 107, 108, 109]"
v04_t00_l00,4,110,100,20,/home/hoyt924.linux/qasmtrans/data/test_benchmark/routing_pressure_brisbane_depth100_fixed10/brisbane_topology_n110_v04.qasm,/home/hoyt924.linux/qasmtrans/data/devices/routing_pressure/ibm_brisbane_sub110.json,0,0.000000,0.000000,identity,"[0, 1, 2, 3, 4, 5, 6, 7, 8, 9, 10, 11, 12, 13, 14, 15, 16, 17, 18, 19, 20, 21, 22, 23, 24, 25, 26, 27, 28, 29, 30, 31, 32, 33, 34, 35, 36, 37, 38, 39, 40, 41, 42, 43, 44, 45, 46, 47, 48, 49, 50, 51, 52, 53, 54, 55, 56, 57, 58, 59, 60, 61, 62, 63, 64, 65, 66, 67, 68, 69, 70, 71, 72, 73, 74, 75, 76, 77, 78, 79, 80, 81, 82, 83, 84, 85, 86, 87, 88, 89, 90, 91, 92, 93, 94, 95, 96, 97, 98, 99, 100, 101, 102, 103, 104, 105, 106, 107, 108, 109]"
v04_t01_l00,4,110,100,20,/home/hoyt924.linux/qasmtrans/data/test_benchmark/routing_pressure_brisbane_depth100_fixed10/brisbane_topology_n110_v04.qasm,/home/hoyt924.linux/qasmtrans/data/devices/routing_pressure/ibm_brisbane_sub110.json,1,0.016129,0.016129,swap01_0001,"[0, 1, 2, 3, 4, 5, 6, 7, 8, 9, 10, 11, 12, 13, 14, 15, 16, 17, 18, 19, 20, 21, 22, 23, 24, 25, 26, 27, 28, 29, 30, 31, 32, 33, 34, 35, 36, 37, 38, 39, 40, 41, 42, 43, 44, 45, 46, 47, 48, 49, 50, 51, 52, 53, 54, 55, 56, 57, 58, 59, 60, 61, 62, 63, 64, 65, 66, 67, 68, 69, 70, 71, 72, 73, 74, 75, 76, 77, 78, 79, 80, 81, 82, 83, 84, 85, 86, 87, 88, 89, 90, 91, 92, 93, 94, 95, 96, 97, 98, 109, 100, 101, 102, 103, 104, 105, 106, 107, 108, 99]"
v04_t02_l00,4,110,100,20,/home/hoyt924.linux/qasmtrans/data/test_benchmark/routing_pressure_brisbane_depth100_fixed10/brisbane_topology_n110_v04.qasm,/home/hoyt924.linux/qasmtrans/data/devices/routing_pressure/ibm_brisbane_sub110.json,2,0.330645,0.330645,swap01_0101,"[0, 1, 2, 3, 4, 5, 53, 7, 8, 9, 10, 11, 12, 13, 14, 15, 16, 17, 18, 19, 20, 21, 22, 23, 24, 25, 26, 27, 28, 29, 30, 31, 32, 33, 34, 35, 36, 37, 38, 39, 40, 41, 42, 43, 44, 45, 46, 47, 48, 49, 50, 51, 52, 6, 54, 55, 56, 57, 58, 59, 60, 61, 62, 63, 64, 65, 66, 67, 68, 69, 70, 71, 72, 73, 74, 75, 76, 77, 78, 79, 80, 81, 82, 83, 84, 85, 86, 87, 88, 89, 90, 91, 92, 93, 94, 95, 96, 97, 98, 99, 100, 101, 102, 103, 104, 105, 106, 107, 108, 109]"
v04_t03_l00,4,110,100,20,/home/hoyt924.linux/qasmtrans/data/test_benchmark/routing_pressure_brisbane_depth100_fixed10/brisbane_topology_n110_v04.qasm,/home/hoyt924.linux/qasmtrans/data/devices/routing_pressure/ibm_brisbane_sub110.json,3,0.532258,0.532258,swap01_0026,"[0, 1, 2, 3, 4, 5, 6, 7, 8, 9, 10, 11, 12, 13, 14, 15, 16, 17, 18, 19, 20, 21, 22, 23, 24, 107, 26, 27, 28, 29, 30, 31, 32, 33, 34, 35, 36, 37, 38, 39, 40, 41, 42, 43, 44, 45, 46, 47, 48, 49, 50, 51, 52, 53, 54, 55, 56, 57, 58, 59, 60, 61, 62, 63, 64, 65, 66, 67, 68, 69, 70, 71, 72, 73, 74, 75, 76, 77, 78, 79, 80, 81, 82, 83, 84, 85, 86, 87, 88, 89, 90, 91, 92, 93, 94, 95, 96, 97, 98, 99, 100, 101, 102, 103, 104, 105, 106, 25, 108, 109]"
v04_t04_l00,4,110,100,20,/home/hoyt924.linux/qasmtrans/data/test_benchmark/routing_pressure_brisbane_depth100_fixed10/brisbane_topology_n110_v04.qasm,/home/hoyt924.linux/qasmtrans/data/devices/routing_pressure/ibm_brisbane_sub110.json,4,0.741935,0.741935,swap02_0234,"[0, 1, 2, 3, 4, 5, 6, 7, 8, 9, 10, 11, 12, 40, 14, 15, 16, 17, 18, 19, 20, 21, 22, 23, 53, 25, 26, 27, 28, 29, 30, 31, 32, 33, 34, 35, 36, 37, 38, 39, 13, 41, 42, 43, 44, 45, 46, 47, 48, 49, 50, 51, 52, 24, 54, 55, 56, 57, 58, 59, 60, 61, 62, 63, 64, 65, 66, 67, 68, 69, 70, 71, 72, 73, 74, 75, 76, 77, 78, 79, 80, 81, 82, 83, 84, 85, 86, 87, 88, 89, 90, 91, 92, 93, 94, 95, 96, 97, 98, 99, 100, 101, 102, 103, 104, 105, 106, 107, 108, 109]"
v04_t05_l00,4,110,100,20,/home/hoyt924.linux/qasmtrans/data/test_benchmark/routing_pressure_brisbane_depth100_fixed10/brisbane_topology_n110_v04.qasm,/home/hoyt924.linux/qasmtrans/data/devices/routing_pressure/ibm_brisbane_sub110.json,5,0.935484,0.935484,swap04_0617,"[0, 1, 2, 3, 4, 5, 6, 7, 8, 9, 10, 11, 44, 13, 14, 15, 16, 17, 18, 19, 20, 21, 22, 23, 24, 25, 26, 27, 28, 29, 53, 31, 32, 33, 34, 35, 36, 37, 38, 39, 40, 41, 42, 43, 12, 45, 46, 47, 48, 49, 50, 51, 52, 30, 54, 55, 56, 57, 58, 59, 60, 61, 62, 74, 64, 90, 66, 67, 68, 69, 70, 71, 72, 73, 63, 75, 76, 77, 78, 79, 80, 81, 82, 83, 84, 85, 86, 87, 88, 89, 65, 91, 92, 93, 94, 95, 96, 97, 98, 99, 100, 101, 102, 103, 104, 105, 106, 107, 108, 109]"
v04_t06_l00,4,110,100,20,/home/hoyt924.linux/qasmtrans/data/test_benchmark/routing_pressure_brisbane_depth100_fixed10/brisbane_topology_n110_v04.qasm,/home/hoyt924.linux/qasmtrans/data/devices/routing_pressure/ibm_brisbane_sub110.json,6,0.943548,0.943548,swap02_0224,"[0, 1, 2, 3, 4, 5, 6, 7, 8, 9, 10, 11, 12, 13, 14, 15, 16, 17, 18, 19, 20, 21, 22, 23, 24, 63, 26, 27, 28, 29, 30, 31, 32, 33, 73, 35, 36, 37, 38, 39, 40, 41, 42, 43, 44, 45, 46, 47, 48, 49, 50, 51, 52, 53, 54, 55, 56, 57, 58, 59, 60, 61, 62, 25, 64, 65, 66, 67, 68, 69, 70, 71, 72, 34, 74, 75, 76, 77, 78, 79, 80, 81, 82, 83, 84, 85, 86, 87, 88, 89, 90, 91, 92, 93, 94, 95, 96, 97, 98, 99, 100, 101, 102, 103, 104, 105, 106, 107, 108, 109]"
v04_t07_l00,4,110,100,20,/home/hoyt924.linux/qasmtrans/data/test_benchmark/routing_pressure_brisbane_depth100_fixed10/brisbane_topology_n110_v04.qasm,/home/hoyt924.linux/qasmtrans/data/devices/routing_pressure/ibm_brisbane_sub110.json,7,1.129032,1.129032,swap06_0741,"[0, 1, 2, 3, 4, 5, 6, 7, 8, 9, 10, 11, 12, 79, 14, 15, 16, 17, 18, 19, 20, 21, 22, 23, 24, 25, 31, 27, 28, 29, 30, 26, 32, 33, 34, 35, 36, 37, 38, 39, 40, 41, 42, 43, 44, 45, 46, 47, 48, 49, 95, 51, 52, 53, 54, 55, 56, 57, 58, 93, 60, 61, 75, 63, 64, 65, 66, 67, 68, 69, 70, 71, 72, 73, 74, 62, 76, 77, 78, 13, 80, 81, 82, 83, 84, 85, 86, 87, 88, 89, 90, 91, 92, 59, 109, 50, 96, 97, 98, 99, 100, 101, 102, 103, 104, 105, 106, 107, 108, 94]"
v04_t08_l00,4,110,100,20,/home/hoyt924.linux/qasmtrans/data/test_benchmark/routing_pressure_brisbane_depth100_fixed10/brisbane_topology_n110_v04.qasm,/home/hoyt924.linux/qasmtrans/data/devices/routing_pressure/ibm_brisbane_sub110.json,8,1.370968,1.370968,swap06_0744,"[0, 1, 52, 3, 4, 5, 6, 7, 8, 9, 10, 11, 12, 13, 14, 15, 16, 17, 18, 19, 20, 21, 22, 23, 24, 25, 57, 79, 28, 29, 30, 31, 32, 33, 34, 35, 36, 37, 27, 39, 84, 41, 42, 43, 44, 45, 46, 47, 48, 49, 50, 51, 2, 53, 54, 40, 56, 26, 58, 59, 60, 61, 62, 63, 64, 65, 66, 67, 68, 69, 70, 71, 72, 73, 74, 75, 76, 77, 78, 38, 80, 81, 82, 83, 55, 85, 86, 87, 88, 89, 90, 91, 92, 93, 94, 95, 96, 97, 98, 99, 100, 101, 102, 103, 104, 105, 106, 107, 108, 109]"
v04_t09_l00,4,110,100,20,/home/hoyt924.linux/qasmtrans/data/test_benchmark/routing_pressure_brisbane_depth100_fixed10/brisbane_topology_n110_v04.qasm,/home/hoyt924.linux/qasmtrans/data/devices/routing_pressure/ibm_brisbane_sub110.json,9,1.661290,1.661290,swap06_0730,"[0, 1, 2, 3, 4, 5, 6, 99, 8, 9, 10, 11, 12, 42, 14, 15, 16, 17, 18, 19, 20, 21, 22, 23, 24, 25, 26, 35, 28, 29, 30, 31, 32, 33, 34, 27, 36, 68, 59, 39, 40, 41, 13, 43, 44, 45, 46, 47, 48, 49, 50, 51, 52, 53, 54, 55, 56, 57, 58, 38, 60, 61, 62, 63, 64, 65, 66, 67, 37, 69, 70, 71, 72, 73, 79, 75, 76, 77, 78, 74, 80, 81, 82, 83, 84, 85, 86, 87, 88, 89, 90, 91, 92, 93, 94, 95, 96, 97, 98, 7, 100, 101, 102, 103, 104, 105, 106, 107, 108, 109]"
v05_t00_l00,5,110,100,20,/home/hoyt924.linux/qasmtrans/data/test_benchmark/routing_pressure_brisbane_depth100_fixed10/brisbane_topology_n110_v05.qasm,/home/hoyt924.linux/qasmtrans/data/devices/routing_pressure/ibm_brisbane_sub110.json,0,0.000000,0.000000,identity,"[0, 1, 2, 3, 4, 5, 6, 7, 8, 9, 10, 11, 12, 13, 14, 15, 16, 17, 18, 19, 20, 21, 22, 23, 24, 25, 26, 27, 28, 29, 30, 31, 32, 33, 34, 35, 36, 37, 38, 39, 40, 41, 42, 43, 44, 45, 46, 47, 48, 49, 50, 51, 52, 53, 54, 55, 56, 57, 58, 59, 60, 61, 62, 63, 64, 65, 66, 67, 68, 69, 70, 71, 72, 73, 74, 75, 76, 77, 78, 79, 80, 81, 82, 83, 84, 85, 86, 87, 88, 89, 90, 91, 92, 93, 94, 95, 96, 97, 98, 99, 100, 101, 102, 103, 104, 105, 106, 107, 108, 109]"
v05_t01_l00,5,110,100,20,/home/hoyt924.linux/qasmtrans/data/test_benchmark/routing_pressure_brisbane_depth100_fixed10/brisbane_topology_n110_v05.qasm,/home/hoyt924.linux/qasmtrans/data/devices/routing_pressure/ibm_brisbane_sub110.json,1,0.016129,0.016129,swap01_0001,"[0, 1, 2, 3, 4, 5, 6, 7, 8, 9, 10, 11, 12, 13, 14, 15, 16, 17, 18, 19, 20, 21, 22, 23, 24, 25, 26, 27, 28, 29, 30, 31, 32, 33, 34, 35, 36, 37, 38, 39, 40, 41, 42, 43, 44, 45, 46, 47, 48, 49, 50, 51, 52, 53, 54, 55, 56, 57, 58, 59, 60, 61, 62, 63, 64, 65, 66, 67, 68, 69, 70, 71, 72, 73, 74, 75, 76, 77, 78, 79, 80, 81, 82, 83, 84, 85, 86, 87, 88, 89, 90, 91, 92, 93, 94, 95, 96, 97, 98, 109, 100, 101, 102, 103, 104, 105, 106, 107, 108, 99]"
v05_t02_l00,5,110,100,20,/home/hoyt924.linux/qasmtrans/data/test_benchmark/routing_pressure_brisbane_depth100_fixed10/brisbane_topology_n110_v05.qasm,/home/hoyt924.linux/qasmtrans/data/devices/routing_pressure/ibm_brisbane_sub110.json,2,0.330645,0.330645,swap01_0101,"[0, 1, 2, 3, 4, 5, 53, 7, 8, 9, 10, 11, 12, 13, 14, 15, 16, 17, 18, 19, 20, 21, 22, 23, 24, 25, 26, 27, 28, 29, 30, 31, 32, 33, 34, 35, 36, 37, 38, 39, 40, 41, 42, 43, 44, 45, 46, 47, 48, 49, 50, 51, 52, 6, 54, 55, 56, 57, 58, 59, 60, 61, 62, 63, 64, 65, 66, 67, 68, 69, 70, 71, 72, 73, 74, 75, 76, 77, 78, 79, 80, 81, 82, 83, 84, 85, 86, 87, 88, 89, 90, 91, 92, 93, 94, 95, 96, 97, 98, 99, 100, 101, 102, 103, 104, 105, 106, 107, 108, 109]"
v05_t03_l00,5,110,100,20,/home/hoyt924.linux/qasmtrans/data/test_benchmark/routing_pressure_brisbane_depth100_fixed10/brisbane_topology_n110_v05.qasm,/home/hoyt924.linux/qasmtrans/data/devices/routing_pressure/ibm_brisbane_sub110.json,3,0.532258,0.532258,swap01_0026,"[0, 1, 2, 3, 4, 5, 6, 7, 8, 9, 10, 11, 12, 13, 14, 15, 16, 17, 18, 19, 20, 21, 22, 23, 24, 107, 26, 27, 28, 29, 30, 31, 32, 33, 34, 35, 36, 37, 38, 39, 40, 41, 42, 43, 44, 45, 46, 47, 48, 49, 50, 51, 52, 53, 54, 55, 56, 57, 58, 59, 60, 61, 62, 63, 64, 65, 66, 67, 68, 69, 70, 71, 72, 73, 74, 75, 76, 77, 78, 79, 80, 81, 82, 83, 84, 85, 86, 87, 88, 89, 90, 91, 92, 93, 94, 95, 96, 97, 98, 99, 100, 101, 102, 103, 104, 105, 106, 25, 108, 109]"
v05_t04_l00,5,110,100,20,/home/hoyt924.linux/qasmtrans/data/test_benchmark/routing_pressure_brisbane_depth100_fixed10/brisbane_topology_n110_v05.qasm,/home/hoyt924.linux/qasmtrans/data/devices/routing_pressure/ibm_brisbane_sub110.json,4,0.741935,0.741935,swap02_0234,"[0, 1, 2, 3, 4, 5, 6, 7, 8, 9, 10, 11, 12, 40, 14, 15, 16, 17, 18, 19, 20, 21, 22, 23, 53, 25, 26, 27, 28, 29, 30, 31, 32, 33, 34, 35, 36, 37, 38, 39, 13, 41, 42, 43, 44, 45, 46, 47, 48, 49, 50, 51, 52, 24, 54, 55, 56, 57, 58, 59, 60, 61, 62, 63, 64, 65, 66, 67, 68, 69, 70, 71, 72, 73, 74, 75, 76, 77, 78, 79, 80, 81, 82, 83, 84, 85, 86, 87, 88, 89, 90, 91, 92, 93, 94, 95, 96, 97, 98, 99, 100, 101, 102, 103, 104, 105, 106, 107, 108, 109]"
v05_t05_l00,5,110,100,20,/home/hoyt924.linux/qasmtrans/data/test_benchmark/routing_pressure_brisbane_depth100_fixed10/brisbane_topology_n110_v05.qasm,/home/hoyt924.linux/qasmtrans/data/devices/routing_pressure/ibm_brisbane_sub110.json,5,0.935484,0.935484,swap04_0617,"[0, 1, 2, 3, 4, 5, 6, 7, 8, 9, 10, 11, 44, 13, 14, 15, 16, 17, 18, 19, 20, 21, 22, 23, 24, 25, 26, 27, 28, 29, 53, 31, 32, 33, 34, 35, 36, 37, 38, 39, 40, 41, 42, 43, 12, 45, 46, 47, 48, 49, 50, 51, 52, 30, 54, 55, 56, 57, 58, 59, 60, 61, 62, 74, 64, 90, 66, 67, 68, 69, 70, 71, 72, 73, 63, 75, 76, 77, 78, 79, 80, 81, 82, 83, 84, 85, 86, 87, 88, 89, 65, 91, 92, 93, 94, 95, 96, 97, 98, 99, 100, 101, 102, 103, 104, 105, 106, 107, 108, 109]"
v05_t06_l00,5,110,100,20,/home/hoyt924.linux/qasmtrans/data/test_benchmark/routing_pressure_brisbane_depth100_fixed10/brisbane_topology_n110_v05.qasm,/home/hoyt924.linux/qasmtrans/data/devices/routing_pressure/ibm_brisbane_sub110.json,6,0.943548,0.943548,swap02_0224,"[0, 1, 2, 3, 4, 5, 6, 7, 8, 9, 10, 11, 12, 13, 14, 15, 16, 17, 18, 19, 20, 21, 22, 23, 24, 63, 26, 27, 28, 29, 30, 31, 32, 33, 73, 35, 36, 37, 38, 39, 40, 41, 42, 43, 44, 45, 46, 47, 48, 49, 50, 51, 52, 53, 54, 55, 56, 57, 58, 59, 60, 61, 62, 25, 64, 65, 66, 67, 68, 69, 70, 71, 72, 34, 74, 75, 76, 77, 78, 79, 80, 81, 82, 83, 84, 85, 86, 87, 88, 89, 90, 91, 92, 93, 94, 95, 96, 97, 98, 99, 100, 101, 102, 103, 104, 105, 106, 107, 108, 109]"
v05_t07_l00,5,110,100,20,/home/hoyt924.linux/qasmtrans/data/test_benchmark/routing_pressure_brisbane_depth100_fixed10/brisbane_topology_n110_v05.qasm,/home/hoyt924.linux/qasmtrans/data/devices/routing_pressure/ibm_brisbane_sub110.json,7,1.129032,1.129032,swap06_0741,"[0, 1, 2, 3, 4, 5, 6, 7, 8, 9, 10, 11, 12, 79, 14, 15, 16, 17, 18, 19, 20, 21, 22, 23, 24, 25, 31, 27, 28, 29, 30, 26, 32, 33, 34, 35, 36, 37, 38, 39, 40, 41, 42, 43, 44, 45, 46, 47, 48, 49, 95, 51, 52, 53, 54, 55, 56, 57, 58, 93, 60, 61, 75, 63, 64, 65, 66, 67, 68, 69, 70, 71, 72, 73, 74, 62, 76, 77, 78, 13, 80, 81, 82, 83, 84, 85, 86, 87, 88, 89, 90, 91, 92, 59, 109, 50, 96, 97, 98, 99, 100, 101, 102, 103, 104, 105, 106, 107, 108, 94]"
v05_t08_l00,5,110,100,20,/home/hoyt924.linux/qasmtrans/data/test_benchmark/routing_pressure_brisbane_depth100_fixed10/brisbane_topology_n110_v05.qasm,/home/hoyt924.linux/qasmtrans/data/devices/routing_pressure/ibm_brisbane_sub110.json,8,1.370968,1.370968,swap06_0744,"[0, 1, 52, 3, 4, 5, 6, 7, 8, 9, 10, 11, 12, 13, 14, 15, 16, 17, 18, 19, 20, 21, 22, 23, 24, 25, 57, 79, 28, 29, 30, 31, 32, 33, 34, 35, 36, 37, 27, 39, 84, 41, 42, 43, 44, 45, 46, 47, 48, 49, 50, 51, 2, 53, 54, 40, 56, 26, 58, 59, 60, 61, 62, 63, 64, 65, 66, 67, 68, 69, 70, 71, 72, 73, 74, 75, 76, 77, 78, 38, 80, 81, 82, 83, 55, 85, 86, 87, 88, 89, 90, 91, 92, 93, 94, 95, 96, 97, 98, 99, 100, 101, 102, 103, 104, 105, 106, 107, 108, 109]"
v05_t09_l00,5,110,100,20,/home/hoyt924.linux/qasmtrans/data/test_benchmark/routing_pressure_brisbane_depth100_fixed10/brisbane_topology_n110_v05.qasm,/home/hoyt924.linux/qasmtrans/data/devices/routing_pressure/ibm_brisbane_sub110.json,9,1.661290,1.661290,swap06_0730,"[0, 1, 2, 3, 4, 5, 6, 99, 8, 9, 10, 11, 12, 42, 14, 15, 16, 17, 18, 19, 20, 21, 22, 23, 24, 25, 26, 35, 28, 29, 30, 31, 32, 33, 34, 27, 36, 68, 59, 39, 40, 41, 13, 43, 44, 45, 46, 47, 48, 49, 50, 51, 52, 53, 54, 55, 56, 57, 58, 38, 60, 61, 62, 63, 64, 65, 66, 67, 37, 69, 70, 71, 72, 73, 79, 75, 76, 77, 78, 74, 80, 81, 82, 83, 84, 85, 86, 87, 88, 89, 90, 91, 92, 93, 94, 95, 96, 97, 98, 7, 100, 101, 102, 103, 104, 105, 106, 107, 108, 109]"
v06_t00_l00,6,110,100,20,/home/hoyt924.linux/qasmtrans/data/test_benchmark/routing_pressure_brisbane_depth100_fixed10/brisbane_topology_n110_v06.qasm,/home/hoyt924.linux/qasmtrans/data/devices/routing_pressure/ibm_brisbane_sub110.json,0,0.000000,0.000000,identity,"[0, 1, 2, 3, 4, 5, 6, 7, 8, 9, 10, 11, 12, 13, 14, 15, 16, 17, 18, 19, 20, 21, 22, 23, 24, 25, 26, 27, 28, 29, 30, 31, 32, 33, 34, 35, 36, 37, 38, 39, 40, 41, 42, 43, 44, 45, 46, 47, 48, 49, 50, 51, 52, 53, 54, 55, 56, 57, 58, 59, 60, 61, 62, 63, 64, 65, 66, 67, 68, 69, 70, 71, 72, 73, 74, 75, 76, 77, 78, 79, 80, 81, 82, 83, 84, 85, 86, 87, 88, 89, 90, 91, 92, 93, 94, 95, 96, 97, 98, 99, 100, 101, 102, 103, 104, 105, 106, 107, 108, 109]"
v06_t01_l00,6,110,100,20,/home/hoyt924.linux/qasmtrans/data/test_benchmark/routing_pressure_brisbane_depth100_fixed10/brisbane_topology_n110_v06.qasm,/home/hoyt924.linux/qasmtrans/data/devices/routing_pressure/ibm_brisbane_sub110.json,1,0.016129,0.016129,swap01_0001,"[0, 1, 2, 3, 4, 5, 6, 7, 8, 9, 10, 11, 12, 13, 14, 15, 16, 17, 18, 19, 20, 21, 22, 23, 24, 25, 26, 27, 28, 29, 30, 31, 32, 33, 34, 35, 36, 37, 38, 39, 40, 41, 42, 43, 44, 45, 46, 47, 48, 49, 50, 51, 52, 53, 54, 55, 56, 57, 58, 59, 60, 61, 62, 63, 64, 65, 66, 67, 68, 69, 70, 71, 72, 73, 74, 75, 76, 77, 78, 79, 80, 81, 82, 83, 84, 85, 86, 87, 88, 89, 90, 91, 92, 93, 94, 95, 96, 97, 98, 109, 100, 101, 102, 103, 104, 105, 106, 107, 108, 99]"
v06_t02_l00,6,110,100,20,/home/hoyt924.linux/qasmtrans/data/test_benchmark/routing_pressure_brisbane_depth100_fixed10/brisbane_topology_n110_v06.qasm,/home/hoyt924.linux/qasmtrans/data/devices/routing_pressure/ibm_brisbane_sub110.json,2,0.330645,0.330645,swap01_0101,"[0, 1, 2, 3, 4, 5, 53, 7, 8, 9, 10, 11, 12, 13, 14, 15, 16, 17, 18, 19, 20, 21, 22, 23, 24, 25, 26, 27, 28, 29, 30, 31, 32, 33, 34, 35, 36, 37, 38, 39, 40, 41, 42, 43, 44, 45, 46, 47, 48, 49, 50, 51, 52, 6, 54, 55, 56, 57, 58, 59, 60, 61, 62, 63, 64, 65, 66, 67, 68, 69, 70, 71, 72, 73, 74, 75, 76, 77, 78, 79, 80, 81, 82, 83, 84, 85, 86, 87, 88, 89, 90, 91, 92, 93, 94, 95, 96, 97, 98, 99, 100, 101, 102, 103, 104, 105, 106, 107, 108, 109]"
v06_t03_l00,6,110,100,20,/home/hoyt924.linux/qasmtrans/data/test_benchmark/routing_pressure_brisbane_depth100_fixed10/brisbane_topology_n110_v06.qasm,/home/hoyt924.linux/qasmtrans/data/devices/routing_pressure/ibm_brisbane_sub110.json,3,0.532258,0.532258,swap01_0026,"[0, 1, 2, 3, 4, 5, 6, 7, 8, 9, 10, 11, 12, 13, 14, 15, 16, 17, 18, 19, 20, 21, 22, 23, 24, 107, 26, 27, 28, 29, 30, 31, 32, 33, 34, 35, 36, 37, 38, 39, 40, 41, 42, 43, 44, 45, 46, 47, 48, 49, 50, 51, 52, 53, 54, 55, 56, 57, 58, 59, 60, 61, 62, 63, 64, 65, 66, 67, 68, 69, 70, 71, 72, 73, 74, 75, 76, 77, 78, 79, 80, 81, 82, 83, 84, 85, 86, 87, 88, 89, 90, 91, 92, 93, 94, 95, 96, 97, 98, 99, 100, 101, 102, 103, 104, 105, 106, 25, 108, 109]"
v06_t04_l00,6,110,100,20,/home/hoyt924.linux/qasmtrans/data/test_benchmark/routing_pressure_brisbane_depth100_fixed10/brisbane_topology_n110_v06.qasm,/home/hoyt924.linux/qasmtrans/data/devices/routing_pressure/ibm_brisbane_sub110.json,4,0.741935,0.741935,swap02_0234,"[0, 1, 2, 3, 4, 5, 6, 7, 8, 9, 10, 11, 12, 40, 14, 15, 16, 17, 18, 19, 20, 21, 22, 23, 53, 25, 26, 27, 28, 29, 30, 31, 32, 33, 34, 35, 36, 37, 38, 39, 13, 41, 42, 43, 44, 45, 46, 47, 48, 49, 50, 51, 52, 24, 54, 55, 56, 57, 58, 59, 60, 61, 62, 63, 64, 65, 66, 67, 68, 69, 70, 71, 72, 73, 74, 75, 76, 77, 78, 79, 80, 81, 82, 83, 84, 85, 86, 87, 88, 89, 90, 91, 92, 93, 94, 95, 96, 97, 98, 99, 100, 101, 102, 103, 104, 105, 106, 107, 108, 109]"
v06_t05_l00,6,110,100,20,/home/hoyt924.linux/qasmtrans/data/test_benchmark/routing_pressure_brisbane_depth100_fixed10/brisbane_topology_n110_v06.qasm,/home/hoyt924.linux/qasmtrans/data/devices/routing_pressure/ibm_brisbane_sub110.json,5,0.935484,0.935484,swap04_0617,"[0, 1, 2, 3, 4, 5, 6, 7, 8, 9, 10, 11, 44, 13, 14, 15, 16, 17, 18, 19, 20, 21, 22, 23, 24, 25, 26, 27, 28, 29, 53, 31, 32, 33, 34, 35, 36, 37, 38, 39, 40, 41, 42, 43, 12, 45, 46, 47, 48, 49, 50, 51, 52, 30, 54, 55, 56, 57, 58, 59, 60, 61, 62, 74, 64, 90, 66, 67, 68, 69, 70, 71, 72, 73, 63, 75, 76, 77, 78, 79, 80, 81, 82, 83, 84, 85, 86, 87, 88, 89, 65, 91, 92, 93, 94, 95, 96, 97, 98, 99, 100, 101, 102, 103, 104, 105, 106, 107, 108, 109]"
v06_t06_l00,6,110,100,20,/home/hoyt924.linux/qasmtrans/data/test_benchmark/routing_pressure_brisbane_depth100_fixed10/brisbane_topology_n110_v06.qasm,/home/hoyt924.linux/qasmtrans/data/devices/routing_pressure/ibm_brisbane_sub110.json,6,0.943548,0.943548,swap02_0224,"[0, 1, 2, 3, 4, 5, 6, 7, 8, 9, 10, 11, 12, 13, 14, 15, 16, 17, 18, 19, 20, 21, 22, 23, 24, 63, 26, 27, 28, 29, 30, 31, 32, 33, 73, 35, 36, 37, 38, 39, 40, 41, 42, 43, 44, 45, 46, 47, 48, 49, 50, 51, 52, 53, 54, 55, 56, 57, 58, 59, 60, 61, 62, 25, 64, 65, 66, 67, 68, 69, 70, 71, 72, 34, 74, 75, 76, 77, 78, 79, 80, 81, 82, 83, 84, 85, 86, 87, 88, 89, 90, 91, 92, 93, 94, 95, 96, 97, 98, 99, 100, 101, 102, 103, 104, 105, 106, 107, 108, 109]"
v06_t07_l00,6,110,100,20,/home/hoyt924.linux/qasmtrans/data/test_benchmark/routing_pressure_brisbane_depth100_fixed10/brisbane_topology_n110_v06.qasm,/home/hoyt924.linux/qasmtrans/data/devices/routing_pressure/ibm_brisbane_sub110.json,7,1.129032,1.129032,swap06_0741,"[0, 1, 2, 3, 4, 5, 6, 7, 8, 9, 10, 11, 12, 79, 14, 15, 16, 17, 18, 19, 20, 21, 22, 23, 24, 25, 31, 27, 28, 29, 30, 26, 32, 33, 34, 35, 36, 37, 38, 39, 40, 41, 42, 43, 44, 45, 46, 47, 48, 49, 95, 51, 52, 53, 54, 55, 56, 57, 58, 93, 60, 61, 75, 63, 64, 65, 66, 67, 68, 69, 70, 71, 72, 73, 74, 62, 76, 77, 78, 13, 80, 81, 82, 83, 84, 85, 86, 87, 88, 89, 90, 91, 92, 59, 109, 50, 96, 97, 98, 99, 100, 101, 102, 103, 104, 105, 106, 107, 108, 94]"
v06_t08_l00,6,110,100,20,/home/hoyt924.linux/qasmtrans/data/test_benchmark/routing_pressure_brisbane_depth100_fixed10/brisbane_topology_n110_v06.qasm,/home/hoyt924.linux/qasmtrans/data/devices/routing_pressure/ibm_brisbane_sub110.json,8,1.370968,1.370968,swap06_0744,"[0, 1, 52, 3, 4, 5, 6, 7, 8, 9, 10, 11, 12, 13, 14, 15, 16, 17, 18, 19, 20, 21, 22, 23, 24, 25, 57, 79, 28, 29, 30, 31, 32, 33, 34, 35, 36, 37, 27, 39, 84, 41, 42, 43, 44, 45, 46, 47, 48, 49, 50, 51, 2, 53, 54, 40, 56, 26, 58, 59, 60, 61, 62, 63, 64, 65, 66, 67, 68, 69, 70, 71, 72, 73, 74, 75, 76, 77, 78, 38, 80, 81, 82, 83, 55, 85, 86, 87, 88, 89, 90, 91, 92, 93, 94, 95, 96, 97, 98, 99, 100, 101, 102, 103, 104, 105, 106, 107, 108, 109]"
v06_t09_l00,6,110,100,20,/home/hoyt924.linux/qasmtrans/data/test_benchmark/routing_pressure_brisbane_depth100_fixed10/brisbane_topology_n110_v06.qasm,/home/hoyt924.linux/qasmtrans/data/devices/routing_pressure/ibm_brisbane_sub110.json,9,1.661290,1.661290,swap06_0730,"[0, 1, 2, 3, 4, 5, 6, 99, 8, 9, 10, 11, 12, 42, 14, 15, 16, 17, 18, 19, 20, 21, 22, 23, 24, 25, 26, 35, 28, 29, 30, 31, 32, 33, 34, 27, 36, 68, 59, 39, 40, 41, 13, 43, 44, 45, 46, 47, 48, 49, 50, 51, 52, 53, 54, 55, 56, 57, 58, 38, 60, 61, 62, 63, 64, 65, 66, 67, 37, 69, 70, 71, 72, 73, 79, 75, 76, 77, 78, 74, 80, 81, 82, 83, 84, 85, 86, 87, 88, 89, 90, 91, 92, 93, 94, 95, 96, 97, 98, 7, 100, 101, 102, 103, 104, 105, 106, 107, 108, 109]"
v07_t00_l00,7,110,100,20,/home/hoyt924.linux/qasmtrans/data/test_benchmark/routing_pressure_brisbane_depth100_fixed10/brisbane_topology_n110_v07.qasm,/home/hoyt924.linux/qasmtrans/data/devices/routing_pressure/ibm_brisbane_sub110.json,0,0.000000,0.000000,identity,"[0, 1, 2, 3, 4, 5, 6, 7, 8, 9, 10, 11, 12, 13, 14, 15, 16, 17, 18, 19, 20, 21, 22, 23, 24, 25, 26, 27, 28, 29, 30, 31, 32, 33, 34, 35, 36, 37, 38, 39, 40, 41, 42, 43, 44, 45, 46, 47, 48, 49, 50, 51, 52, 53, 54, 55, 56, 57, 58, 59, 60, 61, 62, 63, 64, 65, 66, 67, 68, 69, 70, 71, 72, 73, 74, 75, 76, 77, 78, 79, 80, 81, 82, 83, 84, 85, 86, 87, 88, 89, 90, 91, 92, 93, 94, 95, 96, 97, 98, 99, 100, 101, 102, 103, 104, 105, 106, 107, 108, 109]"
v07_t01_l00,7,110,100,20,/home/hoyt924.linux/qasmtrans/data/test_benchmark/routing_pressure_brisbane_depth100_fixed10/brisbane_topology_n110_v07.qasm,/home/hoyt924.linux/qasmtrans/data/devices/routing_pressure/ibm_brisbane_sub110.json,1,0.016129,0.016129,swap01_0001,"[0, 1, 2, 3, 4, 5, 6, 7, 8, 9, 10, 11, 12, 13, 14, 15, 16, 17, 18, 19, 20, 21, 22, 23, 24, 25, 26, 27, 28, 29, 30, 31, 32, 33, 34, 35, 36, 37, 38, 39, 40, 41, 42, 43, 44, 45, 46, 47, 48, 49, 50, 51, 52, 53, 54, 55, 56, 57, 58, 59, 60, 61, 62, 63, 64, 65, 66, 67, 68, 69, 70, 71, 72, 73, 74, 75, 76, 77, 78, 79, 80, 81, 82, 83, 84, 85, 86, 87, 88, 89, 90, 91, 92, 93, 94, 95, 96, 97, 98, 109, 100, 101, 102, 103, 104, 105, 106, 107, 108, 99]"
v07_t02_l00,7,110,100,20,/home/hoyt924.linux/qasmtrans/data/test_benchmark/routing_pressure_brisbane_depth100_fixed10/brisbane_topology_n110_v07.qasm,/home/hoyt924.linux/qasmtrans/data/devices/routing_pressure/ibm_brisbane_sub110.json,2,0.330645,0.330645,swap01_0101,"[0, 1, 2, 3, 4, 5, 53, 7, 8, 9, 10, 11, 12, 13, 14, 15, 16, 17, 18, 19, 20, 21, 22, 23, 24, 25, 26, 27, 28, 29, 30, 31, 32, 33, 34, 35, 36, 37, 38, 39, 40, 41, 42, 43, 44, 45, 46, 47, 48, 49, 50, 51, 52, 6, 54, 55, 56, 57, 58, 59, 60, 61, 62, 63, 64, 65, 66, 67, 68, 69, 70, 71, 72, 73, 74, 75, 76, 77, 78, 79, 80, 81, 82, 83, 84, 85, 86, 87, 88, 89, 90, 91, 92, 93, 94, 95, 96, 97, 98, 99, 100, 101, 102, 103, 104, 105, 106, 107, 108, 109]"
v07_t03_l00,7,110,100,20,/home/hoyt924.linux/qasmtrans/data/test_benchmark/routing_pressure_brisbane_depth100_fixed10/brisbane_topology_n110_v07.qasm,/home/hoyt924.linux/qasmtrans/data/devices/routing_pressure/ibm_brisbane_sub110.json,3,0.532258,0.532258,swap01_0026,"[0, 1, 2, 3, 4, 5, 6, 7, 8, 9, 10, 11, 12, 13, 14, 15, 16, 17, 18, 19, 20, 21, 22, 23, 24, 107, 26, 27, 28, 29, 30, 31, 32, 33, 34, 35, 36, 37, 38, 39, 40, 41, 42, 43, 44, 45, 46, 47, 48, 49, 50, 51, 52, 53, 54, 55, 56, 57, 58, 59, 60, 61, 62, 63, 64, 65, 66, 67, 68, 69, 70, 71, 72, 73, 74, 75, 76, 77, 78, 79, 80, 81, 82, 83, 84, 85, 86, 87, 88, 89, 90, 91, 92, 93, 94, 95, 96, 97, 98, 99, 100, 101, 102, 103, 104, 105, 106, 25, 108, 109]"
v07_t04_l00,7,110,100,20,/home/hoyt924.linux/qasmtrans/data/test_benchmark/routing_pressure_brisbane_depth100_fixed10/brisbane_topology_n110_v07.qasm,/home/hoyt924.linux/qasmtrans/data/devices/routing_pressure/ibm_brisbane_sub110.json,4,0.741935,0.741935,swap02_0234,"[0, 1, 2, 3, 4, 5, 6, 7, 8, 9, 10, 11, 12, 40, 14, 15, 16, 17, 18, 19, 20, 21, 22, 23, 53, 25, 26, 27, 28, 29, 30, 31, 32, 33, 34, 35, 36, 37, 38, 39, 13, 41, 42, 43, 44, 45, 46, 47, 48, 49, 50, 51, 52, 24, 54, 55, 56, 57, 58, 59, 60, 61, 62, 63, 64, 65, 66, 67, 68, 69, 70, 71, 72, 73, 74, 75, 76, 77, 78, 79, 80, 81, 82, 83, 84, 85, 86, 87, 88, 89, 90, 91, 92, 93, 94, 95, 96, 97, 98, 99, 100, 101, 102, 103, 104, 105, 106, 107, 108, 109]"
v07_t05_l00,7,110,100,20,/home/hoyt924.linux/qasmtrans/data/test_benchmark/routing_pressure_brisbane_depth100_fixed10/brisbane_topology_n110_v07.qasm,/home/hoyt924.linux/qasmtrans/data/devices/routing_pressure/ibm_brisbane_sub110.json,5,0.935484,0.935484,swap04_0617,"[0, 1, 2, 3, 4, 5, 6, 7, 8, 9, 10, 11, 44, 13, 14, 15, 16, 17, 18, 19, 20, 21, 22, 23, 24, 25, 26, 27, 28, 29, 53, 31, 32, 33, 34, 35, 36, 37, 38, 39, 40, 41, 42, 43, 12, 45, 46, 47, 48, 49, 50, 51, 52, 30, 54, 55, 56, 57, 58, 59, 60, 61, 62, 74, 64, 90, 66, 67, 68, 69, 70, 71, 72, 73, 63, 75, 76, 77, 78, 79, 80, 81, 82, 83, 84, 85, 86, 87, 88, 89, 65, 91, 92, 93, 94, 95, 96, 97, 98, 99, 100, 101, 102, 103, 104, 105, 106, 107, 108, 109]"
v07_t06_l00,7,110,100,20,/home/hoyt924.linux/qasmtrans/data/test_benchmark/routing_pressure_brisbane_depth100_fixed10/brisbane_topology_n110_v07.qasm,/home/hoyt924.linux/qasmtrans/data/devices/routing_pressure/ibm_brisbane_sub110.json,6,0.943548,0.943548,swap02_0224,"[0, 1, 2, 3, 4, 5, 6, 7, 8, 9, 10, 11, 12, 13, 14, 15, 16, 17, 18, 19, 20, 21, 22, 23, 24, 63, 26, 27, 28, 29, 30, 31, 32, 33, 73, 35, 36, 37, 38, 39, 40, 41, 42, 43, 44, 45, 46, 47, 48, 49, 50, 51, 52, 53, 54, 55, 56, 57, 58, 59, 60, 61, 62, 25, 64, 65, 66, 67, 68, 69, 70, 71, 72, 34, 74, 75, 76, 77, 78, 79, 80, 81, 82, 83, 84, 85, 86, 87, 88, 89, 90, 91, 92, 93, 94, 95, 96, 97, 98, 99, 100, 101, 102, 103, 104, 105, 106, 107, 108, 109]"
v07_t07_l00,7,110,100,20,/home/hoyt924.linux/qasmtrans/data/test_benchmark/routing_pressure_brisbane_depth100_fixed10/brisbane_topology_n110_v07.qasm,/home/hoyt924.linux/qasmtrans/data/devices/routing_pressure/ibm_brisbane_sub110.json,7,1.129032,1.129032,swap06_0741,"[0, 1, 2, 3, 4, 5, 6, 7, 8, 9, 10, 11, 12, 79, 14, 15, 16, 17, 18, 19, 20, 21, 22, 23, 24, 25, 31, 27, 28, 29, 30, 26, 32, 33, 34, 35, 36, 37, 38, 39, 40, 41, 42, 43, 44, 45, 46, 47, 48, 49, 95, 51, 52, 53, 54, 55, 56, 57, 58, 93, 60, 61, 75, 63, 64, 65, 66, 67, 68, 69, 70, 71, 72, 73, 74, 62, 76, 77, 78, 13, 80, 81, 82, 83, 84, 85, 86, 87, 88, 89, 90, 91, 92, 59, 109, 50, 96, 97, 98, 99, 100, 101, 102, 103, 104, 105, 106, 107, 108, 94]"
v07_t08_l00,7,110,100,20,/home/hoyt924.linux/qasmtrans/data/test_benchmark/routing_pressure_brisbane_depth100_fixed10/brisbane_topology_n110_v07.qasm,/home/hoyt924.linux/qasmtrans/data/devices/routing_pressure/ibm_brisbane_sub110.json,8,1.370968,1.370968,swap06_0744,"[0, 1, 52, 3, 4, 5, 6, 7, 8, 9, 10, 11, 12, 13, 14, 15, 16, 17, 18, 19, 20, 21, 22, 23, 24, 25, 57, 79, 28, 29, 30, 31, 32, 33, 34, 35, 36, 37, 27, 39, 84, 41, 42, 43, 44, 45, 46, 47, 48, 49, 50, 51, 2, 53, 54, 40, 56, 26, 58, 59, 60, 61, 62, 63, 64, 65, 66, 67, 68, 69, 70, 71, 72, 73, 74, 75, 76, 77, 78, 38, 80, 81, 82, 83, 55, 85, 86, 87, 88, 89, 90, 91, 92, 93, 94, 95, 96, 97, 98, 99, 100, 101, 102, 103, 104, 105, 106, 107, 108, 109]"
v07_t09_l00,7,110,100,20,/home/hoyt924.linux/qasmtrans/data/test_benchmark/routing_pressure_brisbane_depth100_fixed10/brisbane_topology_n110_v07.qasm,/home/hoyt924.linux/qasmtrans/data/devices/routing_pressure/ibm_brisbane_sub110.json,9,1.661290,1.661290,swap06_0730,"[0, 1, 2, 3, 4, 5, 6, 99, 8, 9, 10, 11, 12, 42, 14, 15, 16, 17, 18, 19, 20, 21, 22, 23, 24, 25, 26, 35, 28, 29, 30, 31, 32, 33, 34, 27, 36, 68, 59, 39, 40, 41, 13, 43, 44, 45, 46, 47, 48, 49, 50, 51, 52, 53, 54, 55, 56, 57, 58, 38, 60, 61, 62, 63, 64, 65, 66, 67, 37, 69, 70, 71, 72, 73, 79, 75, 76, 77, 78, 74, 80, 81, 82, 83, 84, 85, 86, 87, 88, 89, 90, 91, 92, 93, 94, 95, 96, 97, 98, 7, 100, 101, 102, 103, 104, 105, 106, 107, 108, 109]"
v08_t00_l00,8,110,100,20,/home/hoyt924.linux/qasmtrans/data/test_benchmark/routing_pressure_brisbane_depth100_fixed10/brisbane_topology_n110_v08.qasm,/home/hoyt924.linux/qasmtrans/data/devices/routing_pressure/ibm_brisbane_sub110.json,0,0.000000,0.000000,identity,"[0, 1, 2, 3, 4, 5, 6, 7, 8, 9, 10, 11, 12, 13, 14, 15, 16, 17, 18, 19, 20, 21, 22, 23, 24, 25, 26, 27, 28, 29, 30, 31, 32, 33, 34, 35, 36, 37, 38, 39, 40, 41, 42, 43, 44, 45, 46, 47, 48, 49, 50, 51, 52, 53, 54, 55, 56, 57, 58, 59, 60, 61, 62, 63, 64, 65, 66, 67, 68, 69, 70, 71, 72, 73, 74, 75, 76, 77, 78, 79, 80, 81, 82, 83, 84, 85, 86, 87, 88, 89, 90, 91, 92, 93, 94, 95, 96, 97, 98, 99, 100, 101, 102, 103, 104, 105, 106, 107, 108, 109]"
v08_t01_l00,8,110,100,20,/home/hoyt924.linux/qasmtrans/data/test_benchmark/routing_pressure_brisbane_depth100_fixed10/brisbane_topology_n110_v08.qasm,/home/hoyt924.linux/qasmtrans/data/devices/routing_pressure/ibm_brisbane_sub110.json,1,0.016129,0.016129,swap01_0001,"[0, 1, 2, 3, 4, 5, 6, 7, 8, 9, 10, 11, 12, 13, 14, 15, 16, 17, 18, 19, 20, 21, 22, 23, 24, 25, 26, 27, 28, 29, 30, 31, 32, 33, 34, 35, 36, 37, 38, 39, 40, 41, 42, 43, 44, 45, 46, 47, 48, 49, 50, 51, 52, 53, 54, 55, 56, 57, 58, 59, 60, 61, 62, 63, 64, 65, 66, 67, 68, 69, 70, 71, 72, 73, 74, 75, 76, 77, 78, 79, 80, 81, 82, 83, 84, 85, 86, 87, 88, 89, 90, 91, 92, 93, 94, 95, 96, 97, 98, 109, 100, 101, 102, 103, 104, 105, 106, 107, 108, 99]"
v08_t02_l00,8,110,100,20,/home/hoyt924.linux/qasmtrans/data/test_benchmark/routing_pressure_brisbane_depth100_fixed10/brisbane_topology_n110_v08.qasm,/home/hoyt924.linux/qasmtrans/data/devices/routing_pressure/ibm_brisbane_sub110.json,2,0.330645,0.330645,swap01_0101,"[0, 1, 2, 3, 4, 5, 53, 7, 8, 9, 10, 11, 12, 13, 14, 15, 16, 17, 18, 19, 20, 21, 22, 23, 24, 25, 26, 27, 28, 29, 30, 31, 32, 33, 34, 35, 36, 37, 38, 39, 40, 41, 42, 43, 44, 45, 46, 47, 48, 49, 50, 51, 52, 6, 54, 55, 56, 57, 58, 59, 60, 61, 62, 63, 64, 65, 66, 67, 68, 69, 70, 71, 72, 73, 74, 75, 76, 77, 78, 79, 80, 81, 82, 83, 84, 85, 86, 87, 88, 89, 90, 91, 92, 93, 94, 95, 96, 97, 98, 99, 100, 101, 102, 103, 104, 105, 106, 107, 108, 109]"
v08_t03_l00,8,110,100,20,/home/hoyt924.linux/qasmtrans/data/test_benchmark/routing_pressure_brisbane_depth100_fixed10/brisbane_topology_n110_v08.qasm,/home/hoyt924.linux/qasmtrans/data/devices/routing_pressure/ibm_brisbane_sub110.json,3,0.532258,0.532258,swap01_0026,"[0, 1, 2, 3, 4, 5, 6, 7, 8, 9, 10, 11, 12, 13, 14, 15, 16, 17, 18, 19, 20, 21, 22, 23, 24, 107, 26, 27, 28, 29, 30, 31, 32, 33, 34, 35, 36, 37, 38, 39, 40, 41, 42, 43, 44, 45, 46, 47, 48, 49, 50, 51, 52, 53, 54, 55, 56, 57, 58, 59, 60, 61, 62, 63, 64, 65, 66, 67, 68, 69, 70, 71, 72, 73, 74, 75, 76, 77, 78, 79, 80, 81, 82, 83, 84, 85, 86, 87, 88, 89, 90, 91, 92, 93, 94, 95, 96, 97, 98, 99, 100, 101, 102, 103, 104, 105, 106, 25, 108, 109]"
v08_t04_l00,8,110,100,20,/home/hoyt924.linux/qasmtrans/data/test_benchmark/routing_pressure_brisbane_depth100_fixed10/brisbane_topology_n110_v08.qasm,/home/hoyt924.linux/qasmtrans/data/devices/routing_pressure/ibm_brisbane_sub110.json,4,0.741935,0.741935,swap02_0234,"[0, 1, 2, 3, 4, 5, 6, 7, 8, 9, 10, 11, 12, 40, 14, 15, 16, 17, 18, 19, 20, 21, 22, 23, 53, 25, 26, 27, 28, 29, 30, 31, 32, 33, 34, 35, 36, 37, 38, 39, 13, 41, 42, 43, 44, 45, 46, 47, 48, 49, 50, 51, 52, 24, 54, 55, 56, 57, 58, 59, 60, 61, 62, 63, 64, 65, 66, 67, 68, 69, 70, 71, 72, 73, 74, 75, 76, 77, 78, 79, 80, 81, 82, 83, 84, 85, 86, 87, 88, 89, 90, 91, 92, 93, 94, 95, 96, 97, 98, 99, 100, 101, 102, 103, 104, 105, 106, 107, 108, 109]"
v08_t05_l00,8,110,100,20,/home/hoyt924.linux/qasmtrans/data/test_benchmark/routing_pressure_brisbane_depth100_fixed10/brisbane_topology_n110_v08.qasm,/home/hoyt924.linux/qasmtrans/data/devices/routing_pressure/ibm_brisbane_sub110.json,5,0.935484,0.935484,swap04_0617,"[0, 1, 2, 3, 4, 5, 6, 7, 8, 9, 10, 11, 44, 13, 14, 15, 16, 17, 18, 19, 20, 21, 22, 23, 24, 25, 26, 27, 28, 29, 53, 31, 32, 33, 34, 35, 36, 37, 38, 39, 40, 41, 42, 43, 12, 45, 46, 47, 48, 49, 50, 51, 52, 30, 54, 55, 56, 57, 58, 59, 60, 61, 62, 74, 64, 90, 66, 67, 68, 69, 70, 71, 72, 73, 63, 75, 76, 77, 78, 79, 80, 81, 82, 83, 84, 85, 86, 87, 88, 89, 65, 91, 92, 93, 94, 95, 96, 97, 98, 99, 100, 101, 102, 103, 104, 105, 106, 107, 108, 109]"
v08_t06_l00,8,110,100,20,/home/hoyt924.linux/qasmtrans/data/test_benchmark/routing_pressure_brisbane_depth100_fixed10/brisbane_topology_n110_v08.qasm,/home/hoyt924.linux/qasmtrans/data/devices/routing_pressure/ibm_brisbane_sub110.json,6,0.943548,0.943548,swap02_0224,"[0, 1, 2, 3, 4, 5, 6, 7, 8, 9, 10, 11, 12, 13, 14, 15, 16, 17, 18, 19, 20, 21, 22, 23, 24, 63, 26, 27, 28, 29, 30, 31, 32, 33, 73, 35, 36, 37, 38, 39, 40, 41, 42, 43, 44, 45, 46, 47, 48, 49, 50, 51, 52, 53, 54, 55, 56, 57, 58, 59, 60, 61, 62, 25, 64, 65, 66, 67, 68, 69, 70, 71, 72, 34, 74, 75, 76, 77, 78, 79, 80, 81, 82, 83, 84, 85, 86, 87, 88, 89, 90, 91, 92, 93, 94, 95, 96, 97, 98, 99, 100, 101, 102, 103, 104, 105, 106, 107, 108, 109]"
v08_t07_l00,8,110,100,20,/home/hoyt924.linux/qasmtrans/data/test_benchmark/routing_pressure_brisbane_depth100_fixed10/brisbane_topology_n110_v08.qasm,/home/hoyt924.linux/qasmtrans/data/devices/routing_pressure/ibm_brisbane_sub110.json,7,1.129032,1.129032,swap06_0741,"[0, 1, 2, 3, 4, 5, 6, 7, 8, 9, 10, 11, 12, 79, 14, 15, 16, 17, 18, 19, 20, 21, 22, 23, 24, 25, 31, 27, 28, 29, 30, 26, 32, 33, 34, 35, 36, 37, 38, 39, 40, 41, 42, 43, 44, 45, 46, 47, 48, 49, 95, 51, 52, 53, 54, 55, 56, 57, 58, 93, 60, 61, 75, 63, 64, 65, 66, 67, 68, 69, 70, 71, 72, 73, 74, 62, 76, 77, 78, 13, 80, 81, 82, 83, 84, 85, 86, 87, 88, 89, 90, 91, 92, 59, 109, 50, 96, 97, 98, 99, 100, 101, 102, 103, 104, 105, 106, 107, 108, 94]"
v08_t08_l00,8,110,100,20,/home/hoyt924.linux/qasmtrans/data/test_benchmark/routing_pressure_brisbane_depth100_fixed10/brisbane_topology_n110_v08.qasm,/home/hoyt924.linux/qasmtrans/data/devices/routing_pressure/ibm_brisbane_sub110.json,8,1.370968,1.370968,swap06_0744,"[0, 1, 52, 3, 4, 5, 6, 7, 8, 9, 10, 11, 12, 13, 14, 15, 16, 17, 18, 19, 20, 21, 22, 23, 24, 25, 57, 79, 28, 29, 30, 31, 32, 33, 34, 35, 36, 37, 27, 39, 84, 41, 42, 43, 44, 45, 46, 47, 48, 49, 50, 51, 2, 53, 54, 40, 56, 26, 58, 59, 60, 61, 62, 63, 64, 65, 66, 67, 68, 69, 70, 71, 72, 73, 74, 75, 76, 77, 78, 38, 80, 81, 82, 83, 55, 85, 86, 87, 88, 89, 90, 91, 92, 93, 94, 95, 96, 97, 98, 99, 100, 101, 102, 103, 104, 105, 106, 107, 108, 109]"
v08_t09_l00,8,110,100,20,/home/hoyt924.linux/qasmtrans/data/test_benchmark/routing_pressure_brisbane_depth100_fixed10/brisbane_topology_n110_v08.qasm,/home/hoyt924.linux/qasmtrans/data/devices/routing_pressure/ibm_brisbane_sub110.json,9,1.661290,1.661290,swap06_0730,"[0, 1, 2, 3, 4, 5, 6, 99, 8, 9, 10, 11, 12, 42, 14, 15, 16, 17, 18, 19, 20, 21, 22, 23, 24, 25, 26, 35, 28, 29, 30, 31, 32, 33, 34, 27, 36, 68, 59, 39, 40, 41, 13, 43, 44, 45, 46, 47, 48, 49, 50, 51, 52, 53, 54, 55, 56, 57, 58, 38, 60, 61, 62, 63, 64, 65, 66, 67, 37, 69, 70, 71, 72, 73, 79, 75, 76, 77, 78, 74, 80, 81, 82, 83, 84, 85, 86, 87, 88, 89, 90, 91, 92, 93, 94, 95, 96, 97, 98, 7, 100, 101, 102, 103, 104, 105, 106, 107, 108, 109]"
v09_t00_l00,9,110,100,20,/home/hoyt924.linux/qasmtrans/data/test_benchmark/routing_pressure_brisbane_depth100_fixed10/brisbane_topology_n110_v09.qasm,/home/hoyt924.linux/qasmtrans/data/devices/routing_pressure/ibm_brisbane_sub110.json,0,0.000000,0.000000,identity,"[0, 1, 2, 3, 4, 5, 6, 7, 8, 9, 10, 11, 12, 13, 14, 15, 16, 17, 18, 19, 20, 21, 22, 23, 24, 25, 26, 27, 28, 29, 30, 31, 32, 33, 34, 35, 36, 37, 38, 39, 40, 41, 42, 43, 44, 45, 46, 47, 48, 49, 50, 51, 52, 53, 54, 55, 56, 57, 58, 59, 60, 61, 62, 63, 64, 65, 66, 67, 68, 69, 70, 71, 72, 73, 74, 75, 76, 77, 78, 79, 80, 81, 82, 83, 84, 85, 86, 87, 88, 89, 90, 91, 92, 93, 94, 95, 96, 97, 98, 99, 100, 101, 102, 103, 104, 105, 106, 107, 108, 109]"
v09_t01_l00,9,110,100,20,/home/hoyt924.linux/qasmtrans/data/test_benchmark/routing_pressure_brisbane_depth100_fixed10/brisbane_topology_n110_v09.qasm,/home/hoyt924.linux/qasmtrans/data/devices/routing_pressure/ibm_brisbane_sub110.json,1,0.016129,0.016129,swap01_0001,"[0, 1, 2, 3, 4, 5, 6, 7, 8, 9, 10, 11, 12, 13, 14, 15, 16, 17, 18, 19, 20, 21, 22, 23, 24, 25, 26, 27, 28, 29, 30, 31, 32, 33, 34, 35, 36, 37, 38, 39, 40, 41, 42, 43, 44, 45, 46, 47, 48, 49, 50, 51, 52, 53, 54, 55, 56, 57, 58, 59, 60, 61, 62, 63, 64, 65, 66, 67, 68, 69, 70, 71, 72, 73, 74, 75, 76, 77, 78, 79, 80, 81, 82, 83, 84, 85, 86, 87, 88, 89, 90, 91, 92, 93, 94, 95, 96, 97, 98, 109, 100, 101, 102, 103, 104, 105, 106, 107, 108, 99]"
v09_t02_l00,9,110,100,20,/home/hoyt924.linux/qasmtrans/data/test_benchmark/routing_pressure_brisbane_depth100_fixed10/brisbane_topology_n110_v09.qasm,/home/hoyt924.linux/qasmtrans/data/devices/routing_pressure/ibm_brisbane_sub110.json,2,0.330645,0.330645,swap01_0101,"[0, 1, 2, 3, 4, 5, 53, 7, 8, 9, 10, 11, 12, 13, 14, 15, 16, 17, 18, 19, 20, 21, 22, 23, 24, 25, 26, 27, 28, 29, 30, 31, 32, 33, 34, 35, 36, 37, 38, 39, 40, 41, 42, 43, 44, 45, 46, 47, 48, 49, 50, 51, 52, 6, 54, 55, 56, 57, 58, 59, 60, 61, 62, 63, 64, 65, 66, 67, 68, 69, 70, 71, 72, 73, 74, 75, 76, 77, 78, 79, 80, 81, 82, 83, 84, 85, 86, 87, 88, 89, 90, 91, 92, 93, 94, 95, 96, 97, 98, 99, 100, 101, 102, 103, 104, 105, 106, 107, 108, 109]"
v09_t03_l00,9,110,100,20,/home/hoyt924.linux/qasmtrans/data/test_benchmark/routing_pressure_brisbane_depth100_fixed10/brisbane_topology_n110_v09.qasm,/home/hoyt924.linux/qasmtrans/data/devices/routing_pressure/ibm_brisbane_sub110.json,3,0.532258,0.532258,swap01_0026,"[0, 1, 2, 3, 4, 5, 6, 7, 8, 9, 10, 11, 12, 13, 14, 15, 16, 17, 18, 19, 20, 21, 22, 23, 24, 107, 26, 27, 28, 29, 30, 31, 32, 33, 34, 35, 36, 37, 38, 39, 40, 41, 42, 43, 44, 45, 46, 47, 48, 49, 50, 51, 52, 53, 54, 55, 56, 57, 58, 59, 60, 61, 62, 63, 64, 65, 66, 67, 68, 69, 70, 71, 72, 73, 74, 75, 76, 77, 78, 79, 80, 81, 82, 83, 84, 85, 86, 87, 88, 89, 90, 91, 92, 93, 94, 95, 96, 97, 98, 99, 100, 101, 102, 103, 104, 105, 106, 25, 108, 109]"
v09_t04_l00,9,110,100,20,/home/hoyt924.linux/qasmtrans/data/test_benchmark/routing_pressure_brisbane_depth100_fixed10/brisbane_topology_n110_v09.qasm,/home/hoyt924.linux/qasmtrans/data/devices/routing_pressure/ibm_brisbane_sub110.json,4,0.741935,0.741935,swap02_0234,"[0, 1, 2, 3, 4, 5, 6, 7, 8, 9, 10, 11, 12, 40, 14, 15, 16, 17, 18, 19, 20, 21, 22, 23, 53, 25, 26, 27, 28, 29, 30, 31, 32, 33, 34, 35, 36, 37, 38, 39, 13, 41, 42, 43, 44, 45, 46, 47, 48, 49, 50, 51, 52, 24, 54, 55, 56, 57, 58, 59, 60, 61, 62, 63, 64, 65, 66, 67, 68, 69, 70, 71, 72, 73, 74, 75, 76, 77, 78, 79, 80, 81, 82, 83, 84, 85, 86, 87, 88, 89, 90, 91, 92, 93, 94, 95, 96, 97, 98, 99, 100, 101, 102, 103, 104, 105, 106, 107, 108, 109]"
v09_t05_l00,9,110,100,20,/home/hoyt924.linux/qasmtrans/data/test_benchmark/routing_pressure_brisbane_depth100_fixed10/brisbane_topology_n110_v09.qasm,/home/hoyt924.linux/qasmtrans/data/devices/routing_pressure/ibm_brisbane_sub110.json,5,0.935484,0.935484,swap04_0617,"[0, 1, 2, 3, 4, 5, 6, 7, 8, 9, 10, 11, 44, 13, 14, 15, 16, 17, 18, 19, 20, 21, 22, 23, 24, 25, 26, 27, 28, 29, 53, 31, 32, 33, 34, 35, 36, 37, 38, 39, 40, 41, 42, 43, 12, 45, 46, 47, 48, 49, 50, 51, 52, 30, 54, 55, 56, 57, 58, 59, 60, 61, 62, 74, 64, 90, 66, 67, 68, 69, 70, 71, 72, 73, 63, 75, 76, 77, 78, 79, 80, 81, 82, 83, 84, 85, 86, 87, 88, 89, 65, 91, 92, 93, 94, 95, 96, 97, 98, 99, 100, 101, 102, 103, 104, 105, 106, 107, 108, 109]"
v09_t06_l00,9,110,100,20,/home/hoyt924.linux/qasmtrans/data/test_benchmark/routing_pressure_brisbane_depth100_fixed10/brisbane_topology_n110_v09.qasm,/home/hoyt924.linux/qasmtrans/data/devices/routing_pressure/ibm_brisbane_sub110.json,6,0.943548,0.943548,swap02_0224,"[0, 1, 2, 3, 4, 5, 6, 7, 8, 9, 10, 11, 12, 13, 14, 15, 16, 17, 18, 19, 20, 21, 22, 23, 24, 63, 26, 27, 28, 29, 30, 31, 32, 33, 73, 35, 36, 37, 38, 39, 40, 41, 42, 43, 44, 45, 46, 47, 48, 49, 50, 51, 52, 53, 54, 55, 56, 57, 58, 59, 60, 61, 62, 25, 64, 65, 66, 67, 68, 69, 70, 71, 72, 34, 74, 75, 76, 77, 78, 79, 80, 81, 82, 83, 84, 85, 86, 87, 88, 89, 90, 91, 92, 93, 94, 95, 96, 97, 98, 99, 100, 101, 102, 103, 104, 105, 106, 107, 108, 109]"
v09_t07_l00,9,110,100,20,/home/hoyt924.linux/qasmtrans/data/test_benchmark/routing_pressure_brisbane_depth100_fixed10/brisbane_topology_n110_v09.qasm,/home/hoyt924.linux/qasmtrans/data/devices/routing_pressure/ibm_brisbane_sub110.json,7,1.129032,1.129032,swap06_0741,"[0, 1, 2, 3, 4, 5, 6, 7, 8, 9, 10, 11, 12, 79, 14, 15, 16, 17, 18, 19, 20, 21, 22, 23, 24, 25, 31, 27, 28, 29, 30, 26, 32, 33, 34, 35, 36, 37, 38, 39, 40, 41, 42, 43, 44, 45, 46, 47, 48, 49, 95, 51, 52, 53, 54, 55, 56, 57, 58, 93, 60, 61, 75, 63, 64, 65, 66, 67, 68, 69, 70, 71, 72, 73, 74, 62, 76, 77, 78, 13, 80, 81, 82, 83, 84, 85, 86, 87, 88, 89, 90, 91, 92, 59, 109, 50, 96, 97, 98, 99, 100, 101, 102, 103, 104, 105, 106, 107, 108, 94]"
v09_t08_l00,9,110,100,20,/home/hoyt924.linux/qasmtrans/data/test_benchmark/routing_pressure_brisbane_depth100_fixed10/brisbane_topology_n110_v09.qasm,/home/hoyt924.linux/qasmtrans/data/devices/routing_pressure/ibm_brisbane_sub110.json,8,1.370968,1.370968,swap06_0744,"[0, 1, 52, 3, 4, 5, 6, 7, 8, 9, 10, 11, 12, 13, 14, 15, 16, 17, 18, 19, 20, 21, 22, 23, 24, 25, 57, 79, 28, 29, 30, 31, 32, 33, 34, 35, 36, 37, 27, 39, 84, 41, 42, 43, 44, 45, 46, 47, 48, 49, 50, 51, 2, 53, 54, 40, 56, 26, 58, 59, 60, 61, 62, 63, 64, 65, 66, 67, 68, 69, 70, 71, 72, 73, 74, 75, 76, 77, 78, 38, 80, 81, 82, 83, 55, 85, 86, 87, 88, 89, 90, 91, 92, 93, 94, 95, 96, 97, 98, 99, 100, 101, 102, 103, 104, 105, 106, 107, 108, 109]"
v09_t09_l00,9,110,100,20,/home/hoyt924.linux/qasmtrans/data/test_benchmark/routing_pressure_brisbane_depth100_fixed10/brisbane_topology_n110_v09.qasm,/home/hoyt924.linux/qasmtrans/data/devices/routing_pressure/ibm_brisbane_sub110.json,9,1.661290,1.661290,swap06_0730,"[0, 1, 2, 3, 4, 5, 6, 99, 8, 9, 10, 11, 12, 42, 14, 15, 16, 17, 18, 19, 20, 21, 22, 23, 24, 25, 26, 35, 28, 29, 30, 31, 32, 33, 34, 27, 36, 68, 59, 39, 40, 41, 13, 43, 44, 45, 46, 47, 48, 49, 50, 51, 52, 53, 54, 55, 56, 57, 58, 38, 60, 61, 62, 63, 64, 65, 66, 67, 37, 69, 70, 71, 72, 73, 79, 75, 76, 77, 78, 74, 80, 81, 82, 83, 84, 85, 86, 87, 88, 89, 90, 91, 92, 93, 94, 95, 96, 97, 98, 7, 100, 101, 102, 103, 104, 105, 106, 107, 108, 109]"
