case_id,circuit_variant,num_qubits,input_depth,reps,circuit_file,device_file,pressure_bucket,target_pressure,routing_pressure,layout_tag,initial_layout,qasmtrans_status,qasmtrans_time_ms,qasmtrans_depth,qasmtrans_1q,qasmtrans_2q,qasmtrans_swap_count,qasmtrans_error,qiskit_status,qiskit_time_ms,qiskit_depth,qiskit_1q,qiskit_2q,depth_ratio_qt_over_qk,twoq_ratio_qt_over_qk,time_ratio_qt_over_qk
v00_t00_l00,0,110,100,20,/home/hoyt924.linux/qasmtrans/data/test_benchmark/routing_pressure_brisbane_depth100_fixed10/brisbane_topology_n110_v00.qasm,/home/hoyt924.linux/qasmtrans/data/devices/routing_pressure/ibm_brisbane_sub110.json,0,0.000000,0.000000,identity,"[0, 1, 2, 3, 4, 5, 6, 7, 8, 9, 10, 11, 12, 13, 14, 15, 16, 17, 18, 19, 20, 21, 22, 23, 24, 25, 26, 27, 28, 29, 30, 31, 32, 33, 34, 35, 36, 37, 38, 39, 40, 41, 42, 43, 44, 45, 46, 47, 48, 49, 50, 51, 52, 53, 54, 55, 56, 57, 58, 59, 60, 61, 62, 63, 64, 65, 66, 67, 68, 69, 70, 71, 72, 73, 74, 75, 76, 77, 78, 79, 80, 81, 82, 83, 84, 85, 86, 87, 88, 89, 90, 91, 92, 93, 94, 95, 96, 97, 98, 99, 100, 101, 102, 103, 104, 105, 106, 107, 108, 109]",ok,76.354128,176,11073,2480,0,,ok,2122.721844,141,8896,2480,1.248227,1.000000,0.035970
v00_t01_l00,0,110,100,20,/home/hoyt924.linux/qasmtrans/data/test_benchmark/routing_pressure_brisbane_depth100_fixed10/brisbane_topology_n110_v00.qasm,/home/hoyt924.linux/qasmtrans/data/devices/routing_pressure/ibm_brisbane_sub110.json,1,0.016129,0.016129,swap01_0001,"[0, 1, 2, 3, 4, 5, 6, 7, 8, 9, 10, 11, 12, 13, 14, 15, 16, 17, 18, 19, 20, 21, 22, 23, 24, 25, 26, 27, 28, 29, 30, 31, 32, 33, 34, 35, 36, 37, 38, 39, 40, 41, 42, 43, 44, 45, 46, 47, 48, 49, 50, 51, 52, 53, 54, 55, 56, 57, 58, 59, 60, 61, 62, 63, 64, 65, 66, 67, 68, 69, 70, 71, 72, 73, 74, 75, 76, 77, 78, 79, 80, 81, 82, 83, 84, 85, 86, 87, 88, 89, 90, 91, 92, 93, 94, 95, 96, 97, 98, 109, 100, 101, 102, 103, 104, 105, 106, 107, 108, 99]",ok,77.859489,657,11714,2609,43,,ok,1543.492228,169,8927,2489,3.887574,1.048212,0.050444
v00_t02_l00,0,110,100,20,/home/hoyt924.linux/qasmtrans/data/test_benchmark/routing_pressure_brisbane_depth100_fixed10/brisbane_topology_n110_v00.qasm,/home/hoyt924.linux/qasmtrans/data/devices/routing_pressure/ibm_brisbane_sub110.json,2,0.330645,0.330645,swap01_0101,"[0, 1, 2, 3, 4, 5, 53, 7, 8, 9, 10, 11, 12, 13, 14, 15, 16, 17, 18, 19, 20, 21, 22, 23, 24, 25, 26, 27, 28, 29, 30, 31, 32, 33, 34, 35, 36, 37, 38, 39, 40, 41, 42, 43, 44, 45, 46, 47, 48, 49, 50, 51, 52, 6, 54, 55, 56, 57, 58, 59, 60, 61, 62, 63, 64, 65, 66, 67, 68, 69, 70, 71, 72, 73, 74, 75, 76, 77, 78, 79, 80, 81, 82, 83, 84, 85, 86, 87, 88, 89, 90, 91, 92, 93, 94, 95, 96, 97, 98, 99, 100, 101, 102, 103, 104, 105, 106, 107, 108, 109]",ok,85.870815,1245,16375,3396,306,,ok,1596.077794,281,9094,2531,4.430605,1.341762,0.053801
v00_t03_l00,0,110,100,20,/home/hoyt924.linux/qasmtrans/data/test_benchmark/routing_pressure_brisbane_depth100_fixed10/brisbane_topology_n110_v00.qasm,/home/hoyt924.linux/qasmtrans/data/devices/routing_pressure/ibm_brisbane_sub110.json,3,0.532258,0.532258,swap01_0026,"[0, 1, 2, 3, 4, 5, 6, 7, 8, 9, 10, 11, 12, 13, 14, 15, 16, 17, 18, 19, 20, 21, 22, 23, 24, 107, 26, 27, 28, 29, 30, 31, 32, 33, 34, 35, 36, 37, 38, 39, 40, 41, 42, 43, 44, 45, 46, 47, 48, 49, 50, 51, 52, 53, 54, 55, 56, 57, 58, 59, 60, 61, 62, 63, 64, 65, 66, 67, 68, 69, 70, 71, 72, 73, 74, 75, 76, 77, 78, 79, 80, 81, 82, 83, 84, 85, 86, 87, 88, 89, 90, 91, 92, 93, 94, 95, 96, 97, 98, 99, 100, 101, 102, 103, 104, 105, 106, 25, 108, 109]",ok,98.736446,455,11486,2559,27,,ok,1612.291018,364,9202,2565,1.250000,0.997661,0.061240
v00_t04_l00,0,110,100,20,/home/hoyt924.linux/qasmtrans/data/test_benchmark/routing_pressure_brisbane_depth100_fixed10/brisbane_topology_n110_v00.qasm,/home/hoyt924.linux/qasmtrans/data/devices/routing_pressure/ibm_brisbane_sub110.json,4,0.741935,0.741935,swap02_0234,"[0, 1, 2, 3, 4, 5, 6, 7, 8, 9, 10, 11, 12, 40, 14, 15, 16, 17, 18, 19, 20, 21, 22, 23, 53, 25, 26, 27, 28, 29, 30, 31, 32, 33, 34, 35, 36, 37, 38, 39, 13, 41, 42, 43, 44, 45, 46, 47, 48, 49, 50, 51, 52, 24, 54, 55, 56, 57, 58, 59, 60, 61, 62, 63, 64, 65, 66, 67, 68, 69, 70, 71, 72, 73, 74, 75, 76, 77, 78, 79, 80, 81, 82, 83, 84, 85, 86, 87, 88, 89, 90, 91, 92, 93, 94, 95, 96, 97, 98, 99, 100, 101, 102, 103, 104, 105, 106, 107, 108, 109]",ok,73.375167,681,12337,2726,84,,ok,1599.611447,302,9286,2590,2.254967,1.052510,0.045871
v00_t05_l00,0,110,100,20,/home/hoyt924.linux/qasmtrans/data/test_benchmark/routing_pressure_brisbane_depth100_fixed10/brisbane_topology_n110_v00.qasm,/home/hoyt924.linux/qasmtrans/data/devices/routing_pressure/ibm_brisbane_sub110.json,5,0.935484,0.935484,swap04_0617,"[0, 1, 2, 3, 4, 5, 6, 7, 8, 9, 10, 11, 44, 13, 14, 15, 16, 17, 18, 19, 20, 21, 22, 23, 24, 25, 26, 27, 28, 29, 53, 31, 32, 33, 34, 35, 36, 37, 38, 39, 40, 41, 42, 43, 12, 45, 46, 47, 48, 49, 50, 51, 52, 30, 54, 55, 56, 57, 58, 59, 60, 61, 62, 74, 64, 90, 66, 67, 68, 69, 70, 71, 72, 73, 63, 75, 76, 77, 78, 79, 80, 81, 82, 83, 84, 85, 86, 87, 88, 89, 65, 91, 92, 93, 94, 95, 96, 97, 98, 99, 100, 101, 102, 103, 104, 105, 106, 107, 108, 109]",ok,96.741737,1126,16267,3401,309,,ok,1766.043594,335,10023,2810,3.361194,1.210320,0.054779
v00_t06_l00,0,110,100,20,/home/hoyt924.linux/qasmtrans/data/test_benchmark/routing_pressure_brisbane_depth100_fixed10/brisbane_topology_n110_v00.qasm,/home/hoyt924.linux/qasmtrans/data/devices/routing_pressure/ibm_brisbane_sub110.json,6,0.943548,0.943548,swap02_0224,"[0, 1, 2, 3, 4, 5, 6, 7, 8, 9, 10, 11, 12, 13, 14, 15, 16, 17, 18, 19, 20, 21, 22, 23, 24, 63, 26, 27, 28, 29, 30, 31, 32, 33, 73, 35, 36, 37, 38, 39, 40, 41, 42, 43, 44, 45, 46, 47, 48, 49, 50, 51, 52, 53, 54, 55, 56, 57, 58, 59, 60, 61, 62, 25, 64, 65, 66, 67, 68, 69, 70, 71, 72, 34, 74, 75, 76, 77, 78, 79, 80, 81, 82, 83, 84, 85, 86, 87, 88, 89, 90, 91, 92, 93, 94, 95, 96, 97, 98, 99, 100, 101, 102, 103, 104, 105, 106, 107, 108, 109]",ok,94.155953,2817,23836,4830,788,,ok,1694.545055,507,9390,2608,5.556213,1.851994,0.055564
v00_t07_l00,0,110,100,20,/home/hoyt924.linux/qasmtrans/data/test_benchmark/routing_pressure_brisbane_depth100_fixed10/brisbane_topology_n110_v00.qasm,/home/hoyt924.linux/qasmtrans/data/devices/routing_pressure/ibm_brisbane_sub110.json,7,1.129032,1.129032,swap06_0741,"[0, 1, 2, 3, 4, 5, 6, 7, 8, 9, 10, 11, 12, 79, 14, 15, 16, 17, 18, 19, 20, 21, 22, 23, 24, 25, 31, 27, 28, 29, 30, 26, 32, 33, 34, 35, 36, 37, 38, 39, 40, 41, 42, 43, 44, 45, 46, 47, 48, 49, 95, 51, 52, 53, 54, 55, 56, 57, 58, 93, 60, 61, 75, 63, 64, 65, 66, 67, 68, 69, 70, 71, 72, 73, 74, 62, 76, 77, 78, 13, 80, 81, 82, 83, 84, 85, 86, 87, 88, 89, 90, 91, 92, 59, 109, 50, 96, 97, 98, 99, 100, 101, 102, 103, 104, 105, 106, 107, 108, 94]",ok,109.435315,1508,16972,3563,367,,ok,1667.184604,312,9512,2656,4.833333,1.341491,0.065641
v00_t08_l00,0,110,100,20,/home/hoyt924.linux/qasmtrans/data/test_benchmark/routing_pressure_brisbane_depth100_fixed10/brisbane_topology_n110_v00.qasm,/home/hoyt924.linux/qasmtrans/data/devices/routing_pressure/ibm_brisbane_sub110.json,8,1.370968,1.370968,swap06_0744,"[0, 1, 52, 3, 4, 5, 6, 7, 8, 9, 10, 11, 12, 13, 14, 15, 16, 17, 18, 19, 20, 21, 22, 23, 24, 25, 57, 79, 28, 29, 30, 31, 32, 33, 34, 35, 36, 37, 27, 39, 84, 41, 42, 43, 44, 45, 46, 47, 48, 49, 50, 51, 2, 53, 54, 40, 56, 26, 58, 59, 60, 61, 62, 63, 64, 65, 66, 67, 68, 69, 70, 71, 72, 73, 74, 75, 76, 77, 78, 38, 80, 81, 82, 83, 55, 85, 86, 87, 88, 89, 90, 91, 92, 93, 94, 95, 96, 97, 98, 99, 100, 101, 102, 103, 104, 105, 106, 107, 108, 109]",ok,197.268161,2299,29380,5762,1124,,ok,3122.025225,1191,12780,3274,1.930311,1.759927,0.063186
v00_t09_l00,0,110,100,20,/home/hoyt924.linux/qasmtrans/data/test_benchmark/routing_pressure_brisbane_depth100_fixed10/brisbane_topology_n110_v00.qasm,/home/hoyt924.linux/qasmtrans/data/devices/routing_pressure/ibm_brisbane_sub110.json,9,1.661290,1.661290,swap06_0730,"[0, 1, 2, 3, 4, 5, 6, 99, 8, 9, 10, 11, 12, 42, 14, 15, 16, 17, 18, 19, 20, 21, 22, 23, 24, 25, 26, 35, 28, 29, 30, 31, 32, 33, 34, 27, 36, 68, 59, 39, 40, 41, 13, 43, 44, 45, 46, 47, 48, 49, 50, 51, 52, 53, 54, 55, 56, 57, 58, 38, 60, 61, 62, 63, 64, 65, 66, 67, 37, 69, 70, 71, 72, 73, 79, 75, 76, 77, 78, 74, 80, 81, 82, 83, 84, 85, 86, 87, 88, 89, 90, 91, 92, 93, 94, 95, 96, 97, 98, 7, 100, 101, 102, 103, 104, 105, 106, 107, 108, 109]",ok,190.949054,3559,40434,7839,1811,,ok,2955.095191,903,12018,3127,3.941307,2.506876,0.064617
v01_t00_l00,1,110,100,20,/home/hoyt924.linux/qasmtrans/data/test_benchmark/routing_pressure_brisbane_depth100_fixed10/brisbane_topology_n110_v01.qasm,/home/hoyt924.linux/qasmtrans/data/devices/routing_pressure/ibm_brisbane_sub110.json,0,0.000000,0.000000,identity,"[0, 1, 2, 3, 4, 5, 6, 7, 8, 9, 10, 11, 12, 13, 14, 15, 16, 17, 18, 19, 20, 21, 22, 23, 24, 25, 26, 27, 28, 29, 30, 31, 32, 33, 34, 35, 36, 37, 38, 39, 40, 41, 42, 43, 44, 45, 46, 47, 48, 49, 50, 51, 52, 53, 54, 55, 56, 57, 58, 59, 60, 61, 62, 63, 64, 65, 66, 67, 68, 69, 70, 71, 72, 73, 74, 75, 76, 77, 78, 79, 80, 81, 82, 83, 84, 85, 86, 87, 88, 89, 90, 91, 92, 93, 94, 95, 96, 97, 98, 99, 100, 101, 102, 103, 104, 105, 106, 107, 108, 109]",ok,64.878267,175,11074,2480,0,,ok,2121.102523,150,8899,2480,1.166667,1.000000,0.030587
v01_t01_l00,1,110,100,20,/home/hoyt924.linux/qasmtrans/data/test_benchmark/routing_pressure_brisbane_depth100_fixed10/brisbane_topology_n110_v01.qasm,/home/hoyt924.linux/qasmtrans/data/devices/routing_pressure/ibm_brisbane_sub110.json,1,0.016129,0.016129,swap01_0001,"[0, 1, 2, 3, 4, 5, 6, 7, 8, 9, 10, 11, 12, 13, 14, 15, 16, 17, 18, 19, 20, 21, 22, 23, 24, 25, 26, 27, 28, 29, 30, 31, 32, 33, 34, 35, 36, 37, 38, 39, 40, 41, 42, 43, 44, 45, 46, 47, 48, 49, 50, 51, 52, 53, 54, 55, 56, 57, 58, 59, 60, 61, 62, 63, 64, 65, 66, 67, 68, 69, 70, 71, 72, 73, 74, 75, 76, 77, 78, 79, 80, 81, 82, 83, 84, 85, 86, 87, 88, 89, 90, 91, 92, 93, 94, 95, 96, 97, 98, 109, 100, 101, 102, 103, 104, 105, 106, 107, 108, 99]",ok,64.677138,204,11122,2489,3,,ok,1604.406243,171,8924,2489,1.192982,1.000000,0.040312
v01_t02_l00,1,110,100,20,/home/hoyt924.linux/qasmtrans/data/test_benchmark/routing_pressure_brisbane_depth100_fixed10/brisbane_topology_n110_v01.qasm,/home/hoyt924.linux/qasmtrans/data/devices/routing_pressure/ibm_brisbane_sub110.json,2,0.330645,0.330645,swap01_0101,"[0, 1, 2, 3, 4, 5, 53, 7, 8, 9, 10, 11, 12, 13, 14, 15, 16, 17, 18, 19, 20, 21, 22, 23, 24, 25, 26, 27, 28, 29, 30, 31, 32, 33, 34, 35, 36, 37, 38, 39, 40, 41, 42, 43, 44, 45, 46, 47, 48, 49, 50, 51, 52, 6, 54, 55, 56, 57, 58, 59, 60, 61, 62, 63, 64, 65, 66, 67, 68, 69, 70, 71, 72, 73, 74, 75, 76, 77, 78, 79, 80, 81, 82, 83, 84, 85, 86, 87, 88, 89, 90, 91, 92, 93, 94, 95, 96, 97, 98, 99, 100, 101, 102, 103, 104, 105, 106, 107, 108, 109]",ok,65.894127,570,11852,2627,49,,ok,1608.613786,286,9097,2531,1.993007,1.037930,0.040963
v01_t03_l00,1,110,100,20,/home/hoyt924.linux/qasmtrans/data/test_benchmark/routing_pressure_brisbane_depth100_fixed10/brisbane_topology_n110_v01.qasm,/home/hoyt924.linux/qasmtrans/data/devices/routing_pressure/ibm_brisbane_sub110.json,3,0.532258,0.532258,swap01_0026,"[0, 1, 2, 3, 4, 5, 6, 7, 8, 9, 10, 11, 12, 13, 14, 15, 16, 17, 18, 19, 20, 21, 22, 23, 24, 107, 26, 27, 28, 29, 30, 31, 32, 33, 34, 35, 36, 37, 38, 39, 40, 41, 42, 43, 44, 45, 46, 47, 48, 49, 50, 51, 52, 53, 54, 55, 56, 57, 58, 59, 60, 61, 62, 63, 64, 65, 66, 67, 68, 69, 70, 71, 72, 73, 74, 75, 76, 77, 78, 79, 80, 81, 82, 83, 84, 85, 86, 87, 88, 89, 90, 91, 92, 93, 94, 95, 96, 97, 98, 99, 100, 101, 102, 103, 104, 105, 106, 25, 108, 109]",ok,67.588488,597,12018,2657,59,,ok,1655.059059,369,9204,2565,1.617886,1.035867,0.040838
v01_t04_l00,1,110,100,20,/home/hoyt924.linux/qasmtrans/data/test_benchmark/routing_pressure_brisbane_depth100_fixed10/brisbane_topology_n110_v01.qasm,/home/hoyt924.linux/qasmtrans/data/devices/routing_pressure/ibm_brisbane_sub110.json,4,0.741935,0.741935,swap02_0234,"[0, 1, 2, 3, 4, 5, 6, 7, 8, 9, 10, 11, 12, 40, 14, 15, 16, 17, 18, 19, 20, 21, 22, 23, 53, 25, 26, 27, 28, 29, 30, 31, 32, 33, 34, 35, 36, 37, 38, 39, 13, 41, 42, 43, 44, 45, 46, 47, 48, 49, 50, 51, 52, 24, 54, 55, 56, 57, 58, 59, 60, 61, 62, 63, 64, 65, 66, 67, 68, 69, 70, 71, 72, 73, 74, 75, 76, 77, 78, 79, 80, 81, 82, 83, 84, 85, 86, 87, 88, 89, 90, 91, 92, 93, 94, 95, 96, 97, 98, 99, 100, 101, 102, 103, 104, 105, 106, 107, 108, 109]",ok,68.552561,831,12499,2754,92,,ok,1636.388870,301,9282,2590,2.760797,1.063320,0.041893
v01_t05_l00,1,110,100,20,/home/hoyt924.linux/qasmtrans/data/test_benchmark/routing_pressure_brisbane_depth100_fixed10/brisbane_topology_n110_v01.qasm,/home/hoyt924.linux/qasmtrans/data/devices/routing_pressure/ibm_brisbane_sub110.json,5,0.935484,0.935484,swap04_0617,"[0, 1, 2, 3, 4, 5, 6, 7, 8, 9, 10, 11, 44, 13, 14, 15, 16, 17, 18, 19, 20, 21, 22, 23, 24, 25, 26, 27, 28, 29, 53, 31, 32, 33, 34, 35, 36, 37, 38, 39, 40, 41, 42, 43, 12, 45, 46, 47, 48, 49, 50, 51, 52, 30, 54, 55, 56, 57, 58, 59, 60, 61, 62, 74, 64, 90, 66, 67, 68, 69, 70, 71, 72, 73, 63, 75, 76, 77, 78, 79, 80, 81, 82, 83, 84, 85, 86, 87, 88, 89, 65, 91, 92, 93, 94, 95, 96, 97, 98, 99, 100, 101, 102, 103, 104, 105, 106, 107, 108, 109]",ok,71.906702,712,15032,3206,244,,ok,1761.491665,331,9741,2726,2.151057,1.176082,0.040821
v01_t06_l00,1,110,100,20,/home/hoyt924.linux/qasmtrans/data/test_benchmark/routing_pressure_brisbane_depth100_fixed10/brisbane_topology_n110_v01.qasm,/home/hoyt924.linux/qasmtrans/data/devices/routing_pressure/ibm_brisbane_sub110.json,6,0.943548,0.943548,swap02_0224,"[0, 1, 2, 3, 4, 5, 6, 7, 8, 9, 10, 11, 12, 13, 14, 15, 16, 17, 18, 19, 20, 21, 22, 23, 24, 63, 26, 27, 28, 29, 30, 31, 32, 33, 73, 35, 36, 37, 38, 39, 40, 41, 42, 43, 44, 45, 46, 47, 48, 49, 50, 51, 52, 53, 54, 55, 56, 57, 58, 59, 60, 61, 62, 25, 64, 65, 66, 67, 68, 69, 70, 71, 72, 34, 74, 75, 76, 77, 78, 79, 80, 81, 82, 83, 84, 85, 86, 87, 88, 89, 90, 91, 92, 93, 94, 95, 96, 97, 98, 99, 100, 101, 102, 103, 104, 105, 106, 107, 108, 109]",ok,123.717982,3097,25846,5129,893,,ok,1658.774766,410,9405,2618,7.553659,1.959129,0.074584
v01_t07_l00,1,110,100,20,/home/hoyt924.linux/qasmtrans/data/test_benchmark/routing_pressure_brisbane_depth100_fixed10/brisbane_topology_n110_v01.qasm,/home/hoyt924.linux/qasmtrans/data/devices/routing_pressure/ibm_brisbane_sub110.json,7,1.129032,1.129032,swap06_0741,"[0, 1, 2, 3, 4, 5, 6, 7, 8, 9, 10, 11, 12, 79, 14, 15, 16, 17, 18, 19, 20, 21, 22, 23, 24, 25, 31, 27, 28, 29, 30, 26, 32, 33, 34, 35, 36, 37, 38, 39, 40, 41, 42, 43, 44, 45, 46, 47, 48, 49, 95, 51, 52, 53, 54, 55, 56, 57, 58, 93, 60, 61, 75, 63, 64, 65, 66, 67, 68, 69, 70, 71, 72, 73, 74, 62, 76, 77, 78, 13, 80, 81, 82, 83, 84, 85, 86, 87, 88, 89, 90, 91, 92, 59, 109, 50, 96, 97, 98, 99, 100, 101, 102, 103, 104, 105, 106, 107, 108, 94]",ok,68.759421,478,12720,2802,110,,ok,2296.940041,387,9536,2662,1.235142,1.052592,0.029935
v01_t08_l00,1,110,100,20,/home/hoyt924.linux/qasmtrans/data/test_benchmark/routing_pressure_brisbane_depth100_fixed10/brisbane_topology_n110_v01.qasm,/home/hoyt924.linux/qasmtrans/data/devices/routing_pressure/ibm_brisbane_sub110.json,8,1.370968,1.370968,swap06_0744,"[0, 1, 52, 3, 4, 5, 6, 7, 8, 9, 10, 11, 12, 13, 14, 15, 16, 17, 18, 19, 20, 21, 22, 23, 24, 25, 57, 79, 28, 29, 30, 31, 32, 33, 34, 35, 36, 37, 27, 39, 84, 41, 42, 43, 44, 45, 46, 47, 48, 49, 50, 51, 2, 53, 54, 40, 56, 26, 58, 59, 60, 61, 62, 63, 64, 65, 66, 67, 68, 69, 70, 71, 72, 73, 74, 75, 76, 77, 78, 38, 80, 81, 82, 83, 55, 85, 86, 87, 88, 89, 90, 91, 92, 93, 94, 95, 96, 97, 98, 99, 100, 101, 102, 103, 104, 105, 106, 107, 108, 109]",ok,129.074804,2586,29545,5795,1127,,ok,2428.171008,474,10116,2812,5.455696,2.060811,0.053157
v01_t09_l00,1,110,100,20,/home/hoyt924.linux/qasmtrans/data/test_benchmark/routing_pressure_brisbane_depth100_fixed10/brisbane_topology_n110_v01.qasm,/home/hoyt924.linux/qasmtrans/data/devices/routing_pressure/ibm_brisbane_sub110.json,9,1.661290,1.661290,swap06_0730,"[0, 1, 2, 3, 4, 5, 6, 99, 8, 9, 10, 11, 12, 42, 14, 15, 16, 17, 18, 19, 20, 21, 22, 23, 24, 25, 26, 35, 28, 29, 30, 31, 32, 33, 34, 27, 36, 68, 59, 39, 40, 41, 13, 43, 44, 45, 46, 47, 48, 49, 50, 51, 52, 53, 54, 55, 56, 57, 58, 38, 60, 61, 62, 63, 64, 65, 66, 67, 37, 69, 70, 71, 72, 73, 79, 75, 76, 77, 78, 74, 80, 81, 82, 83, 84, 85, 86, 87, 88, 89, 90, 91, 92, 93, 94, 95, 96, 97, 98, 7, 100, 101, 102, 103, 104, 105, 106, 107, 108, 109]",ok,118.340283,3479,30211,6008,1186,,ok,3183.873082,1135,12705,3290,3.065198,1.826140,0.037169
v02_t00_l00,2,110,100,20,/home/hoyt924.linux/qasmtrans/data/test_benchmark/routing_pressure_brisbane_depth100_fixed10/brisbane_topology_n110_v02.qasm,/home/hoyt924.linux/qasmtrans/data/devices/routing_pressure/ibm_brisbane_sub110.json,0,0.000000,0.000000,identity,"[0, 1, 2, 3, 4, 5, 6, 7, 8, 9, 10, 11, 12, 13, 14, 15, 16, 17, 18, 19, 20, 21, 22, 23, 24, 25, 26, 27, 28, 29, 30, 31, 32, 33, 34, 35, 36, 37, 38, 39, 40, 41, 42, 43, 44, 45, 46, 47, 48, 49, 50, 51, 52, 53, 54, 55, 56, 57, 58, 59, 60, 61, 62, 63, 64, 65, 66, 67, 68, 69, 70, 71, 72, 73, 74, 75, 76, 77, 78, 79, 80, 81, 82, 83, 84, 85, 86, 87, 88, 89, 90, 91, 92, 93, 94, 95, 96, 97, 98, 99, 100, 101, 102, 103, 104, 105, 106, 107, 108, 109]",ok,68.667736,176,11071,2480,0,,ok,2052.911370,150,8906,2480,1.173333,1.000000,0.033449
v02_t01_l00,2,110,100,20,/home/hoyt924.linux/qasmtrans/data/test_benchmark/routing_pressure_brisbane_depth100_fixed10/brisbane_topology_n110_v02.qasm,/home/hoyt924.linux/qasmtrans/data/devices/routing_pressure/ibm_brisbane_sub110.json,1,0.016129,0.016129,swap01_0001,"[0, 1, 2, 3, 4, 5, 6, 7, 8, 9, 10, 11, 12, 13, 14, 15, 16, 17, 18, 19, 20, 21, 22, 23, 24, 25, 26, 27, 28, 29, 30, 31, 32, 33, 34, 35, 36, 37, 38, 39, 40, 41, 42, 43, 44, 45, 46, 47, 48, 49, 50, 51, 52, 53, 54, 55, 56, 57, 58, 59, 60, 61, 62, 63, 64, 65, 66, 67, 68, 69, 70, 71, 72, 73, 74, 75, 76, 77, 78, 79, 80, 81, 82, 83, 84, 85, 86, 87, 88, 89, 90, 91, 92, 93, 94, 95, 96, 97, 98, 109, 100, 101, 102, 103, 104, 105, 106, 107, 108, 99]",ok,72.075209,747,11781,2609,43,,ok,1635.136902,173,8931,2489,4.317919,1.048212,0.044079
v02_t02_l00,2,110,100,20,/home/hoyt924.linux/qasmtrans/data/test_benchmark/routing_pressure_brisbane_depth100_fixed10/brisbane_topology_n110_v02.qasm,/home/hoyt924.linux/qasmtrans/data/devices/routing_pressure/ibm_brisbane_sub110.json,2,0.330645,0.330645,swap01_0101,"[0, 1, 2, 3, 4, 5, 53, 7, 8, 9, 10, 11, 12, 13, 14, 15, 16, 17, 18, 19, 20, 21, 22, 23, 24, 25, 26, 27, 28, 29, 30, 31, 32, 33, 34, 35, 36, 37, 38, 39, 40, 41, 42, 43, 44, 45, 46, 47, 48, 49, 50, 51, 52, 6, 54, 55, 56, 57, 58, 59, 60, 61, 62, 63, 64, 65, 66, 67, 68, 69, 70, 71, 72, 73, 74, 75, 76, 77, 78, 79, 80, 81, 82, 83, 84, 85, 86, 87, 88, 89, 90, 91, 92, 93, 94, 95, 96, 97, 98, 99, 100, 101, 102, 103, 104, 105, 106, 107, 108, 109]",ok,73.692442,710,12344,2717,79,,ok,1619.229172,281,9116,2531,2.526690,1.073489,0.045511
v02_t03_l00,2,110,100,20,/home/hoyt924.linux/qasmtrans/data/test_benchmark/routing_pressure_brisbane_depth100_fixed10/brisbane_topology_n110_v02.qasm,/home/hoyt924.linux/qasmtrans/data/devices/routing_pressure/ibm_brisbane_sub110.json,3,0.532258,0.532258,swap01_0026,"[0, 1, 2, 3, 4, 5, 6, 7, 8, 9, 10, 11, 12, 13, 14, 15, 16, 17, 18, 19, 20, 21, 22, 23, 24, 107, 26, 27, 28, 29, 30, 31, 32, 33, 34, 35, 36, 37, 38, 39, 40, 41, 42, 43, 44, 45, 46, 47, 48, 49, 50, 51, 52, 53, 54, 55, 56, 57, 58, 59, 60, 61, 62, 63, 64, 65, 66, 67, 68, 69, 70, 71, 72, 73, 74, 75, 76, 77, 78, 79, 80, 81, 82, 83, 84, 85, 86, 87, 88, 89, 90, 91, 92, 93, 94, 95, 96, 97, 98, 99, 100, 101, 102, 103, 104, 105, 106, 25, 108, 109]",ok,68.481392,471,11511,2561,27,,ok,1629.857880,362,9171,2559,1.301105,1.000782,0.042017
v02_t04_l00,2,110,100,20,/home/hoyt924.linux/qasmtrans/data/test_benchmark/routing_pressure_brisbane_depth100_fixed10/brisbane_topology_n110_v02.qasm,/home/hoyt924.linux/qasmtrans/data/devices/routing_pressure/ibm_brisbane_sub110.json,4,0.741935,0.741935,swap02_0234,"[0, 1, 2, 3, 4, 5, 6, 7, 8, 9, 10, 11, 12, 40, 14, 15, 16, 17, 18, 19, 20, 21, 22, 23, 53, 25, 26, 27, 28, 29, 30, 31, 32, 33, 34, 35, 36, 37, 38, 39, 13, 41, 42, 43, 44, 45, 46, 47, 48, 49, 50, 51, 52, 24, 54, 55, 56, 57, 58, 59, 60, 61, 62, 63, 64, 65, 66, 67, 68, 69, 70, 71, 72, 73, 74, 75, 76, 77, 78, 79, 80, 81, 82, 83, 84, 85, 86, 87, 88, 89, 90, 91, 92, 93, 94, 95, 96, 97, 98, 99, 100, 101, 102, 103, 104, 105, 106, 107, 108, 109]",ok,81.091007,750,12233,2702,74,,ok,1688.362700,300,9286,2590,2.500000,1.043243,0.048029
v02_t05_l00,2,110,100,20,/home/hoyt924.linux/qasmtrans/data/test_benchmark/routing_pressure_brisbane_depth100_fixed10/brisbane_topology_n110_v02.qasm,/home/hoyt924.linux/qasmtrans/data/devices/routing_pressure/ibm_brisbane_sub110.json,5,0.935484,0.935484,swap04_0617,"[0, 1, 2, 3, 4, 5, 6, 7, 8, 9, 10, 11, 44, 13, 14, 15, 16, 17, 18, 19, 20, 21, 22, 23, 24, 25, 26, 27, 28, 29, 53, 31, 32, 33, 34, 35, 36, 37, 38, 39, 40, 41, 42, 43, 12, 45, 46, 47, 48, 49, 50, 51, 52, 30, 54, 55, 56, 57, 58, 59, 60, 61, 62, 74, 64, 90, 66, 67, 68, 69, 70, 71, 72, 73, 63, 75, 76, 77, 78, 79, 80, 81, 82, 83, 84, 85, 86, 87, 88, 89, 65, 91, 92, 93, 94, 95, 96, 97, 98, 99, 100, 101, 102, 103, 104, 105, 106, 107, 108, 109]",ok,93.528747,976,15824,3300,274,,ok,2056.332107,903,11406,3170,1.080842,1.041009,0.045483
v02_t06_l00,2,110,100,20,/home/hoyt924.linux/qasmtrans/data/test_benchmark/routing_pressure_brisbane_depth100_fixed10/brisbane_topology_n110_v02.qasm,/home/hoyt924.linux/qasmtrans/data/devices/routing_pressure/ibm_brisbane_sub110.json,6,0.943548,0.943548,swap02_0224,"[0, 1, 2, 3, 4, 5, 6, 7, 8, 9, 10, 11, 12, 13, 14, 15, 16, 17, 18, 19, 20, 21, 22, 23, 24, 63, 26, 27, 28, 29, 30, 31, 32, 33, 73, 35, 36, 37, 38, 39, 40, 41, 42, 43, 44, 45, 46, 47, 48, 49, 50, 51, 52, 53, 54, 55, 56, 57, 58, 59, 60, 61, 62, 25, 64, 65, 66, 67, 68, 69, 70, 71, 72, 34, 74, 75, 76, 77, 78, 79, 80, 81, 82, 83, 84, 85, 86, 87, 88, 89, 90, 91, 92, 93, 94, 95, 96, 97, 98, 99, 100, 101, 102, 103, 104, 105, 106, 107, 108, 109]",error,,,,,,"Traceback (most recent call last):
  File ""/home/hoyt924.linux/qasmtrans/test/benchmarking/run_brisbane_pressure_bench.py"", line 319, in <module>
    main()
  File ""/home/hoyt924.linux/qasmtrans/test/benchmarking/run_brisbane_pressure_bench.py"", line 219, in main
    result = run_qasmtrans_case_inner(
  File ""/home/hoyt924.linux/qasmtrans/test/benchmarking/run_brisbane_pressure_bench.py"", line 75, in run_qasmtrans_case_inner
    res = qasmtrans.transpile_qasm(str(qasm_path), opts)
MemoryError: std::bad_alloc",ok,2317.859091,439,9373,2608,,,
v02_t07_l00,2,110,100,20,/home/hoyt924.linux/qasmtrans/data/test_benchmark/routing_pressure_brisbane_depth100_fixed10/brisbane_topology_n110_v02.qasm,/home/hoyt924.linux/qasmtrans/data/devices/routing_pressure/ibm_brisbane_sub110.json,7,1.129032,1.129032,swap06_0741,"[0, 1, 2, 3, 4, 5, 6, 7, 8, 9, 10, 11, 12, 79, 14, 15, 16, 17, 18, 19, 20, 21, 22, 23, 24, 25, 31, 27, 28, 29, 30, 26, 32, 33, 34, 35, 36, 37, 38, 39, 40, 41, 42, 43, 44, 45, 46, 47, 48, 49, 95, 51, 52, 53, 54, 55, 56, 57, 58, 93, 60, 61, 75, 63, 64, 65, 66, 67, 68, 69, 70, 71, 72, 73, 74, 62, 76, 77, 78, 13, 80, 81, 82, 83, 84, 85, 86, 87, 88, 89, 90, 91, 92, 59, 109, 50, 96, 97, 98, 99, 100, 101, 102, 103, 104, 105, 106, 107, 108, 94]",ok,78.593191,996,13761,2998,174,,ok,1627.043030,437,9561,2664,2.279176,1.125375,0.048304
v02_t08_l00,2,110,100,20,/home/hoyt924.linux/qasmtrans/data/test_benchmark/routing_pressure_brisbane_depth100_fixed10/brisbane_topology_n110_v02.qasm,/home/hoyt924.linux/qasmtrans/data/devices/routing_pressure/ibm_brisbane_sub110.json,8,1.370968,1.370968,swap06_0744,"[0, 1, 52, 3, 4, 5, 6, 7, 8, 9, 10, 11, 12, 13, 14, 15, 16, 17, 18, 19, 20, 21, 22, 23, 24, 25, 57, 79, 28, 29, 30, 31, 32, 33, 34, 35, 36, 37, 27, 39, 84, 41, 42, 43, 44, 45, 46, 47, 48, 49, 50, 51, 2, 53, 54, 40, 56, 26, 58, 59, 60, 61, 62, 63, 64, 65, 66, 67, 68, 69, 70, 71, 72, 73, 74, 75, 76, 77, 78, 38, 80, 81, 82, 83, 55, 85, 86, 87, 88, 89, 90, 91, 92, 93, 94, 95, 96, 97, 98, 99, 100, 101, 102, 103, 104, 105, 106, 107, 108, 109]",ok,137.598404,2397,26095,5156,906,,ok,1687.057932,401,9802,2744,5.977556,1.879009,0.081561
v02_t09_l00,2,110,100,20,/home/hoyt924.linux/qasmtrans/data/test_benchmark/routing_pressure_brisbane_depth100_fixed10/brisbane_topology_n110_v02.qasm,/home/hoyt924.linux/qasmtrans/data/devices/routing_pressure/ibm_brisbane_sub110.json,9,1.661290,1.661290,swap06_0730,"[0, 1, 2, 3, 4, 5, 6, 99, 8, 9, 10, 11, 12, 42, 14, 15, 16, 17, 18, 19, 20, 21, 22, 23, 24, 25, 26, 35, 28, 29, 30, 31, 32, 33, 34, 27, 36, 68, 59, 39, 40, 41, 13, 43, 44, 45, 46, 47, 48, 49, 50, 51, 52, 53, 54, 55, 56, 57, 58, 38, 60, 61, 62, 63, 64, 65, 66, 67, 37, 69, 70, 71, 72, 73, 79, 75, 76, 77, 78, 74, 80, 81, 82, 83, 84, 85, 86, 87, 88, 89, 90, 91, 92, 93, 94, 95, 96, 97, 98, 7, 100, 101, 102, 103, 104, 105, 106, 107, 108, 109]",ok,143.593106,3271,37480,7294,1630,,ok,3862.800201,1215,14745,3644,2.692181,2.001647,0.037173
v03_t00_l00,3,110,100,20,/home/hoyt924.linux/qasmtrans/data/test_benchmark/routing_pressure_brisbane_depth100_fixed10/brisbane_topology_n110_v03.qasm,/home/hoyt924.linux/qasmtrans/data/devices/routing_pressure/ibm_brisbane_sub110.json,0,0.000000,0.000000,identity,"[0, 1, 2, 3, 4, 5, 6, 7, 8, 9, 10, 11, 12, 13, 14, 15, 16, 17, 18, 19, 20, 21, 22, 23, 24, 25, 26, 27, 28, 29, 30, 31, 32, 33, 34, 35, 36, 37, 38, 39, 40, 41, 42, 43, 44, 45, 46, 47, 48, 49, 50, 51, 52, 53, 54, 55, 56, 57, 58, 59, 60, 61, 62, 63, 64, 65, 66, 67, 68, 69, 70, 71, 72, 73, 74, 75, 76, 77, 78, 79, 80, 81, 82, 83, 84, 85, 86, 87, 88, 89, 90, 91, 92, 93, 94, 95, 96, 97, 98, 99, 100, 101, 102, 103, 104, 105, 106, 107, 108, 109]",ok,70.648419,175,11074,2480,0,,ok,2011.187076,141,8896,2480,1.241135,1.000000,0.035128
v03_t01_l00,3,110,100,20,/home/hoyt924.linux/qasmtrans/data/test_benchmark/routing_pressure_brisbane_depth100_fixed10/brisbane_topology_n110_v03.qasm,/home/hoyt924.linux/qasmtrans/data/devices/routing_pressure/ibm_brisbane_sub110.json,1,0.016129,0.016129,swap01_0001,"[0, 1, 2, 3, 4, 5, 6, 7, 8, 9, 10, 11, 12, 13, 14, 15, 16, 17, 18, 19, 20, 21, 22, 23, 24, 25, 26, 27, 28, 29, 30, 31, 32, 33, 34, 35, 36, 37, 38, 39, 40, 41, 42, 43, 44, 45, 46, 47, 48, 49, 50, 51, 52, 53, 54, 55, 56, 57, 58, 59, 60, 61, 62, 63, 64, 65, 66, 67, 68, 69, 70, 71, 72, 73, 74, 75, 76, 77, 78, 79, 80, 81, 82, 83, 84, 85, 86, 87, 88, 89, 90, 91, 92, 93, 94, 95, 96, 97, 98, 109, 100, 101, 102, 103, 104, 105, 106, 107, 108, 99]",ok,68.612071,454,11552,2573,31,,ok,1574.097334,168,8922,2489,2.702381,1.033748,0.043588
v03_t02_l00,3,110,100,20,/home/hoyt924.linux/qasmtrans/data/test_benchmark/routing_pressure_brisbane_depth100_fixed10/brisbane_topology_n110_v03.qasm,/home/hoyt924.linux/qasmtrans/data/devices/routing_pressure/ibm_brisbane_sub110.json,2,0.330645,0.330645,swap01_0101,"[0, 1, 2, 3, 4, 5, 53, 7, 8, 9, 10, 11, 12, 13, 14, 15, 16, 17, 18, 19, 20, 21, 22, 23, 24, 25, 26, 27, 28, 29, 30, 31, 32, 33, 34, 35, 36, 37, 38, 39, 40, 41, 42, 43, 44, 45, 46, 47, 48, 49, 50, 51, 52, 6, 54, 55, 56, 57, 58, 59, 60, 61, 62, 63, 64, 65, 66, 67, 68, 69, 70, 71, 72, 73, 74, 75, 76, 77, 78, 79, 80, 81, 82, 83, 84, 85, 86, 87, 88, 89, 90, 91, 92, 93, 94, 95, 96, 97, 98, 99, 100, 101, 102, 103, 104, 105, 106, 107, 108, 109]",ok,86.984309,2120,19178,3962,502,,ok,1598.284740,281,9202,2571,7.544484,1.541035,0.054424
v03_t03_l00,3,110,100,20,/home/hoyt924.linux/qasmtrans/data/test_benchmark/routing_pressure_brisbane_depth100_fixed10/brisbane_topology_n110_v03.qasm,/home/hoyt924.linux/qasmtrans/data/devices/routing_pressure/ibm_brisbane_sub110.json,3,0.532258,0.532258,swap01_0026,"[0, 1, 2, 3, 4, 5, 6, 7, 8, 9, 10, 11, 12, 13, 14, 15, 16, 17, 18, 19, 20, 21, 22, 23, 24, 107, 26, 27, 28, 29, 30, 31, 32, 33, 34, 35, 36, 37, 38, 39, 40, 41, 42, 43, 44, 45, 46, 47, 48, 49, 50, 51, 52, 53, 54, 55, 56, 57, 58, 59, 60, 61, 62, 63, 64, 65, 66, 67, 68, 69, 70, 71, 72, 73, 74, 75, 76, 77, 78, 79, 80, 81, 82, 83, 84, 85, 86, 87, 88, 89, 90, 91, 92, 93, 94, 95, 96, 97, 98, 99, 100, 101, 102, 103, 104, 105, 106, 25, 108, 109]",ok,89.088277,1154,14239,3046,194,,ok,1583.850277,363,9217,2561,3.179063,1.189379,0.056248
v03_t04_l00,3,110,100,20,/home/hoyt924.linux/qasmtrans/data/test_benchmark/routing_pressure_brisbane_depth100_fixed10/brisbane_topology_n110_v03.qasm,/home/hoyt924.linux/qasmtrans/data/devices/routing_pressure/ibm_brisbane_sub110.json,4,0.741935,0.741935,swap02_0234,"[0, 1, 2, 3, 4, 5, 6, 7, 8, 9, 10, 11, 12, 40, 14, 15, 16, 17, 18, 19, 20, 21, 22, 23, 53, 25, 26, 27, 28, 29, 30, 31, 32, 33, 34, 35, 36, 37, 38, 39, 13, 41, 42, 43, 44, 45, 46, 47, 48, 49, 50, 51, 52, 24, 54, 55, 56, 57, 58, 59, 60, 61, 62, 63, 64, 65, 66, 67, 68, 69, 70, 71, 72, 73, 74, 75, 76, 77, 78, 79, 80, 81, 82, 83, 84, 85, 86, 87, 88, 89, 90, 91, 92, 93, 94, 95, 96, 97, 98, 99, 100, 101, 102, 103, 104, 105, 106, 107, 108, 109]",ok,78.177930,1153,15194,3234,256,,ok,1604.699355,292,9293,2588,3.948630,1.249614,0.048718
v03_t05_l00,3,110,100,20,/home/hoyt924.linux/qasmtrans/data/test_benchmark/routing_pressure_brisbane_depth100_fixed10/brisbane_topology_n110_v03.qasm,/home/hoyt924.linux/qasmtrans/data/devices/routing_pressure/ibm_brisbane_sub110.json,5,0.935484,0.935484,swap04_0617,"[0, 1, 2, 3, 4, 5, 6, 7, 8, 9, 10, 11, 44, 13, 14, 15, 16, 17, 18, 19, 20, 21, 22, 23, 24, 25, 26, 27, 28, 29, 53, 31, 32, 33, 34, 35, 36, 37, 38, 39, 40, 41, 42, 43, 12, 45, 46, 47, 48, 49, 50, 51, 52, 30, 54, 55, 56, 57, 58, 59, 60, 61, 62, 74, 64, 90, 66, 67, 68, 69, 70, 71, 72, 73, 63, 75, 76, 77, 78, 79, 80, 81, 82, 83, 84, 85, 86, 87, 88, 89, 65, 91, 92, 93, 94, 95, 96, 97, 98, 99, 100, 101, 102, 103, 104, 105, 106, 107, 108, 109]",ok,85.939983,1660,18543,3772,434,,ok,1764.353241,366,10104,2822,4.535519,1.336641,0.048709
v03_t06_l00,3,110,100,20,/home/hoyt924.linux/qasmtrans/data/test_benchmark/routing_pressure_brisbane_depth100_fixed10/brisbane_topology_n110_v03.qasm,/home/hoyt924.linux/qasmtrans/data/devices/routing_pressure/ibm_brisbane_sub110.json,6,0.943548,0.943548,swap02_0224,"[0, 1, 2, 3, 4, 5, 6, 7, 8, 9, 10, 11, 12, 13, 14, 15, 16, 17, 18, 19, 20, 21, 22, 23, 24, 63, 26, 27, 28, 29, 30, 31, 32, 33, 73, 35, 36, 37, 38, 39, 40, 41, 42, 43, 44, 45, 46, 47, 48, 49, 50, 51, 52, 53, 54, 55, 56, 57, 58, 59, 60, 61, 62, 25, 64, 65, 66, 67, 68, 69, 70, 71, 72, 34, 74, 75, 76, 77, 78, 79, 80, 81, 82, 83, 84, 85, 86, 87, 88, 89, 90, 91, 92, 93, 94, 95, 96, 97, 98, 99, 100, 101, 102, 103, 104, 105, 106, 107, 108, 109]",ok,84.545000,1399,18236,3729,423,,ok,1617.213339,422,9339,2612,3.315166,1.427642,0.052278
v03_t07_l00,3,110,100,20,/home/hoyt924.linux/qasmtrans/data/test_benchmark/routing_pressure_brisbane_depth100_fixed10/brisbane_topology_n110_v03.qasm,/home/hoyt924.linux/qasmtrans/data/devices/routing_pressure/ibm_brisbane_sub110.json,7,1.129032,1.129032,swap06_0741,"[0, 1, 2, 3, 4, 5, 6, 7, 8, 9, 10, 11, 12, 79, 14, 15, 16, 17, 18, 19, 20, 21, 22, 23, 24, 25, 31, 27, 28, 29, 30, 26, 32, 33, 34, 35, 36, 37, 38, 39, 40, 41, 42, 43, 44, 45, 46, 47, 48, 49, 95, 51, 52, 53, 54, 55, 56, 57, 58, 93, 60, 61, 75, 63, 64, 65, 66, 67, 68, 69, 70, 71, 72, 73, 74, 62, 76, 77, 78, 13, 80, 81, 82, 83, 84, 85, 86, 87, 88, 89, 90, 91, 92, 59, 109, 50, 96, 97, 98, 99, 100, 101, 102, 103, 104, 105, 106, 107, 108, 94]",ok,74.345519,575,13313,2904,142,,ok,1663.933168,343,9492,2654,1.676385,1.094197,0.044681
v03_t08_l00,3,110,100,20,/home/hoyt924.linux/qasmtrans/data/test_benchmark/routing_pressure_brisbane_depth100_fixed10/brisbane_topology_n110_v03.qasm,/home/hoyt924.linux/qasmtrans/data/devices/routing_pressure/ibm_brisbane_sub110.json,8,1.370968,1.370968,swap06_0744,"[0, 1, 52, 3, 4, 5, 6, 7, 8, 9, 10, 11, 12, 13, 14, 15, 16, 17, 18, 19, 20, 21, 22, 23, 24, 25, 57, 79, 28, 29, 30, 31, 32, 33, 34, 35, 36, 37, 27, 39, 84, 41, 42, 43, 44, 45, 46, 47, 48, 49, 50, 51, 2, 53, 54, 40, 56, 26, 58, 59, 60, 61, 62, 63, 64, 65, 66, 67, 68, 69, 70, 71, 72, 73, 74, 75, 76, 77, 78, 38, 80, 81, 82, 83, 55, 85, 86, 87, 88, 89, 90, 91, 92, 93, 94, 95, 96, 97, 98, 99, 100, 101, 102, 103, 104, 105, 106, 107, 108, 109]",ok,140.518236,4440,38214,7439,1663,,ok,3817.535575,1145,15064,3726,3.877729,1.996511,0.036809
v03_t09_l00,3,110,100,20,/home/hoyt924.linux/qasmtrans/data/test_benchmark/routing_pressure_brisbane_depth100_fixed10/brisbane_topology_n110_v03.qasm,/home/hoyt924.linux/qasmtrans/data/devices/routing_pressure/ibm_brisbane_sub110.json,9,1.661290,1.661290,swap06_0730,"[0, 1, 2, 3, 4, 5, 6, 99, 8, 9, 10, 11, 12, 42, 14, 15, 16, 17, 18, 19, 20, 21, 22, 23, 24, 25, 26, 35, 28, 29, 30, 31, 32, 33, 34, 27, 36, 68, 59, 39, 40, 41, 13, 43, 44, 45, 46, 47, 48, 49, 50, 51, 52, 53, 54, 55, 56, 57, 58, 38, 60, 61, 62, 63, 64, 65, 66, 67, 37, 69, 70, 71, 72, 73, 79, 75, 76, 77, 78, 74, 80, 81, 82, 83, 84, 85, 86, 87, 88, 89, 90, 91, 92, 93, 94, 95, 96, 97, 98, 7, 100, 101, 102, 103, 104, 105, 106, 107, 108, 109]",ok,185.412247,6078,49027,9663,2407,,ok,4232.489779,1574,16351,3979,3.861499,2.428500,0.043807
v04_t00_l00,4,110,100,20,/home/hoyt924.linux/qasmtrans/data/test_benchmark/routing_pressure_brisbane_depth100_fixed10/brisbane_topology_n110_v04.qasm,/home/hoyt924.linux/qasmtrans/data/devices/routing_pressure/ibm_brisbane_sub110.json,0,0.000000,0.000000,identity,"[0, 1, 2, 3, 4, 5, 6, 7, 8, 9, 10, 11, 12, 13, 14, 15, 16, 17, 18, 19, 20, 21, 22, 23, 24, 25, 26, 27, 28, 29, 30, 31, 32, 33, 34, 35, 36, 37, 38, 39, 40, 41, 42, 43, 44, 45, 46, 47, 48, 49, 50, 51, 52, 53, 54, 55, 56, 57, 58, 59, 60, 61, 62, 63, 64, 65, 66, 67, 68, 69, 70, 71, 72, 73, 74, 75, 76, 77, 78, 79, 80, 81, 82, 83, 84, 85, 86, 87, 88, 89, 90, 91, 92, 93, 94, 95, 96, 97, 98, 99, 100, 101, 102, 103, 104, 105, 106, 107, 108, 109]",ok,69.915197,174,11073,2480,0,,ok,1932.801202,141,8895,2480,1.234043,1.000000,0.036173
v04_t01_l00,4,110,100,20,/home/hoyt924.linux/qasmtrans/data/test_benchmark/routing_pressure_brisbane_depth100_fixed10/brisbane_topology_n110_v04.qasm,/home/hoyt924.linux/qasmtrans/data/devices/routing_pressure/ibm_brisbane_sub110.json,1,0.016129,0.016129,swap01_0001,"[0, 1, 2, 3, 4, 5, 6, 7, 8, 9, 10, 11, 12, 13, 14, 15, 16, 17, 18, 19, 20, 21, 22, 23, 24, 25, 26, 27, 28, 29, 30, 31, 32, 33, 34, 35, 36, 37, 38, 39, 40, 41, 42, 43, 44, 45, 46, 47, 48, 49, 50, 51, 52, 53, 54, 55, 56, 57, 58, 59, 60, 61, 62, 63, 64, 65, 66, 67, 68, 69, 70, 71, 72, 73, 74, 75, 76, 77, 78, 79, 80, 81, 82, 83, 84, 85, 86, 87, 88, 89, 90, 91, 92, 93, 94, 95, 96, 97, 98, 109, 100, 101, 102, 103, 104, 105, 106, 107, 108, 99]",ok,69.114708,318,11278,2519,13,,ok,1567.039451,168,8923,2489,1.892857,1.012053,0.044105
v04_t02_l00,4,110,100,20,/home/hoyt924.linux/qasmtrans/data/test_benchmark/routing_pressure_brisbane_depth100_fixed10/brisbane_topology_n110_v04.qasm,/home/hoyt924.linux/qasmtrans/data/devices/routing_pressure/ibm_brisbane_sub110.json,2,0.330645,0.330645,swap01_0101,"[0, 1, 2, 3, 4, 5, 53, 7, 8, 9, 10, 11, 12, 13, 14, 15, 16, 17, 18, 19, 20, 21, 22, 23, 24, 25, 26, 27, 28, 29, 30, 31, 32, 33, 34, 35, 36, 37, 38, 39, 40, 41, 42, 43, 44, 45, 46, 47, 48, 49, 50, 51, 52, 6, 54, 55, 56, 57, 58, 59, 60, 61, 62, 63, 64, 65, 66, 67, 68, 69, 70, 71, 72, 73, 74, 75, 76, 77, 78, 79, 80, 81, 82, 83, 84, 85, 86, 87, 88, 89, 90, 91, 92, 93, 94, 95, 96, 97, 98, 99, 100, 101, 102, 103, 104, 105, 106, 107, 108, 109]",ok,90.027236,2605,21877,4513,681,,ok,1631.190812,260,9309,2607,10.019231,1.731109,0.055191
v04_t03_l00,4,110,100,20,/home/hoyt924.linux/qasmtrans/data/test_benchmark/routing_pressure_brisbane_depth100_fixed10/brisbane_topology_n110_v04.qasm,/home/hoyt924.linux/qasmtrans/data/devices/routing_pressure/ibm_brisbane_sub110.json,3,0.532258,0.532258,swap01_0026,"[0, 1, 2, 3, 4, 5, 6, 7, 8, 9, 10, 11, 12, 13, 14, 15, 16, 17, 18, 19, 20, 21, 22, 23, 24, 107, 26, 27, 28, 29, 30, 31, 32, 33, 34, 35, 36, 37, 38, 39, 40, 41, 42, 43, 44, 45, 46, 47, 48, 49, 50, 51, 52, 53, 54, 55, 56, 57, 58, 59, 60, 61, 62, 63, 64, 65, 66, 67, 68, 69, 70, 71, 72, 73, 74, 75, 76, 77, 78, 79, 80, 81, 82, 83, 84, 85, 86, 87, 88, 89, 90, 91, 92, 93, 94, 95, 96, 97, 98, 99, 100, 101, 102, 103, 104, 105, 106, 25, 108, 109]",ok,68.159051,512,11726,2609,43,,ok,1642.799270,364,9222,2561,1.406593,1.018743,0.041490
v04_t04_l00,4,110,100,20,/home/hoyt924.linux/qasmtrans/data/test_benchmark/routing_pressure_brisbane_depth100_fixed10/brisbane_topology_n110_v04.qasm,/home/hoyt924.linux/qasmtrans/data/devices/routing_pressure/ibm_brisbane_sub110.json,4,0.741935,0.741935,swap02_0234,"[0, 1, 2, 3, 4, 5, 6, 7, 8, 9, 10, 11, 12, 40, 14, 15, 16, 17, 18, 19, 20, 21, 22, 23, 53, 25, 26, 27, 28, 29, 30, 31, 32, 33, 34, 35, 36, 37, 38, 39, 13, 41, 42, 43, 44, 45, 46, 47, 48, 49, 50, 51, 52, 24, 54, 55, 56, 57, 58, 59, 60, 61, 62, 63, 64, 65, 66, 67, 68, 69, 70, 71, 72, 73, 74, 75, 76, 77, 78, 79, 80, 81, 82, 83, 84, 85, 86, 87, 88, 89, 90, 91, 92, 93, 94, 95, 96, 97, 98, 99, 100, 101, 102, 103, 104, 105, 106, 107, 108, 109]",ok,141.902559,2344,21048,4340,632,,ok,1626.897668,326,9277,2588,7.190184,1.676971,0.087223
v04_t05_l00,4,110,100,20,/home/hoyt924.linux/qasmtrans/data/test_benchmark/routing_pressure_brisbane_depth100_fixed10/brisbane_topology_n110_v04.qasm,/home/hoyt924.linux/qasmtrans/data/devices/routing_pressure/ibm_brisbane_sub110.json,5,0.935484,0.935484,swap04_0617,"[0, 1, 2, 3, 4, 5, 6, 7, 8, 9, 10, 11, 44, 13, 14, 15, 16, 17, 18, 19, 20, 21, 22, 23, 24, 25, 26, 27, 28, 29, 53, 31, 32, 33, 34, 35, 36, 37, 38, 39, 40, 41, 42, 43, 12, 45, 46, 47, 48, 49, 50, 51, 52, 30, 54, 55, 56, 57, 58, 59, 60, 61, 62, 74, 64, 90, 66, 67, 68, 69, 70, 71, 72, 73, 63, 75, 76, 77, 78, 79, 80, 81, 82, 83, 84, 85, 86, 87, 88, 89, 65, 91, 92, 93, 94, 95, 96, 97, 98, 99, 100, 101, 102, 103, 104, 105, 106, 107, 108, 109]",ok,118.059111,1312,19540,3985,515,,ok,2808.887100,678,11443,2993,1.935103,1.331440,0.042031
v04_t06_l00,4,110,100,20,/home/hoyt924.linux/qasmtrans/data/test_benchmark/routing_pressure_brisbane_depth100_fixed10/brisbane_topology_n110_v04.qasm,/home/hoyt924.linux/qasmtrans/data/devices/routing_pressure/ibm_brisbane_sub110.json,6,0.943548,0.943548,swap02_0224,"[0, 1, 2, 3, 4, 5, 6, 7, 8, 9, 10, 11, 12, 13, 14, 15, 16, 17, 18, 19, 20, 21, 22, 23, 24, 63, 26, 27, 28, 29, 30, 31, 32, 33, 73, 35, 36, 37, 38, 39, 40, 41, 42, 43, 44, 45, 46, 47, 48, 49, 50, 51, 52, 53, 54, 55, 56, 57, 58, 59, 60, 61, 62, 25, 64, 65, 66, 67, 68, 69, 70, 71, 72, 34, 74, 75, 76, 77, 78, 79, 80, 81, 82, 83, 84, 85, 86, 87, 88, 89, 90, 91, 92, 93, 94, 95, 96, 97, 98, 99, 100, 101, 102, 103, 104, 105, 106, 107, 108, 109]",ok,74.645325,1128,13814,2946,162,,ok,3131.930421,958,12611,3172,1.177453,0.928752,0.023834
v04_t07_l00,4,110,100,20,/home/hoyt924.linux/qasmtrans/data/test_benchmark/routing_pressure_brisbane_depth100_fixed10/brisbane_topology_n110_v04.qasm,/home/hoyt924.linux/qasmtrans/data/devices/routing_pressure/ibm_brisbane_sub110.json,7,1.129032,1.129032,swap06_0741,"[0, 1, 2, 3, 4, 5, 6, 7, 8, 9, 10, 11, 12, 79, 14, 15, 16, 17, 18, 19, 20, 21, 22, 23, 24, 25, 31, 27, 28, 29, 30, 26, 32, 33, 34, 35, 36, 37, 38, 39, 40, 41, 42, 43, 44, 45, 46, 47, 48, 49, 95, 51, 52, 53, 54, 55, 56, 57, 58, 93, 60, 61, 75, 63, 64, 65, 66, 67, 68, 69, 70, 71, 72, 73, 74, 62, 76, 77, 78, 13, 80, 81, 82, 83, 84, 85, 86, 87, 88, 89, 90, 91, 92, 59, 109, 50, 96, 97, 98, 99, 100, 101, 102, 103, 104, 105, 106, 107, 108, 94]",ok,76.462670,1072,14099,3045,189,,ok,1661.491443,345,9497,2654,3.107246,1.147325,0.046021
v04_t08_l00,4,110,100,20,/home/hoyt924.linux/qasmtrans/data/test_benchmark/routing_pressure_brisbane_depth100_fixed10/brisbane_topology_n110_v04.qasm,/home/hoyt924.linux/qasmtrans/data/devices/routing_pressure/ibm_brisbane_sub110.json,8,1.370968,1.370968,swap06_0744,"[0, 1, 52, 3, 4, 5, 6, 7, 8, 9, 10, 11, 12, 13, 14, 15, 16, 17, 18, 19, 20, 21, 22, 23, 24, 25, 57, 79, 28, 29, 30, 31, 32, 33, 34, 35, 36, 37, 27, 39, 84, 41, 42, 43, 44, 45, 46, 47, 48, 49, 50, 51, 2, 53, 54, 40, 56, 26, 58, 59, 60, 61, 62, 63, 64, 65, 66, 67, 68, 69, 70, 71, 72, 73, 74, 75, 76, 77, 78, 38, 80, 81, 82, 83, 55, 85, 86, 87, 88, 89, 90, 91, 92, 93, 94, 95, 96, 97, 98, 99, 100, 101, 102, 103, 104, 105, 106, 107, 108, 109]",ok,101.910877,1690,22894,4553,707,,ok,4202.162891,1290,16600,4098,1.310078,1.111030,0.024252
v04_t09_l00,4,110,100,20,/home/hoyt924.linux/qasmtrans/data/test_benchmark/routing_pressure_brisbane_depth100_fixed10/brisbane_topology_n110_v04.qasm,/home/hoyt924.linux/qasmtrans/data/devices/routing_pressure/ibm_brisbane_sub110.json,9,1.661290,1.661290,swap06_0730,"[0, 1, 2, 3, 4, 5, 6, 99, 8, 9, 10, 11, 12, 42, 14, 15, 16, 17, 18, 19, 20, 21, 22, 23, 24, 25, 26, 35, 28, 29, 30, 31, 32, 33, 34, 27, 36, 68, 59, 39, 40, 41, 13, 43, 44, 45, 46, 47, 48, 49, 50, 51, 52, 53, 54, 55, 56, 57, 58, 38, 60, 61, 62, 63, 64, 65, 66, 67, 37, 69, 70, 71, 72, 73, 79, 75, 76, 77, 78, 74, 80, 81, 82, 83, 84, 85, 86, 87, 88, 89, 90, 91, 92, 93, 94, 95, 96, 97, 98, 7, 100, 101, 102, 103, 104, 105, 106, 107, 108, 109]",ok,270.390928,4263,56002,10700,2768,,ok,4296.644365,1237,16474,3925,3.446241,2.726115,0.062931
v05_t00_l00,5,110,100,20,/home/hoyt924.linux/qasmtrans/data/test_benchmark/routing_pressure_brisbane_depth100_fixed10/brisbane_topology_n110_v05.qasm,/home/hoyt924.linux/qasmtrans/data/devices/routing_pressure/ibm_brisbane_sub110.json,0,0.000000,0.000000,identity,"[0, 1, 2, 3, 4, 5, 6, 7, 8, 9, 10, 11, 12, 13, 14, 15, 16, 17, 18, 19, 20, 21, 22, 23, 24, 25, 26, 27, 28, 29, 30, 31, 32, 33, 34, 35, 36, 37, 38, 39, 40, 41, 42, 43, 44, 45, 46, 47, 48, 49, 50, 51, 52, 53, 54, 55, 56, 57, 58, 59, 60, 61, 62, 63, 64, 65, 66, 67, 68, 69, 70, 71, 72, 73, 74, 75, 76, 77, 78, 79, 80, 81, 82, 83, 84, 85, 86, 87, 88, 89, 90, 91, 92, 93, 94, 95, 96, 97, 98, 99, 100, 101, 102, 103, 104, 105, 106, 107, 108, 109]",ok,84.119087,174,11074,2480,0,,ok,2050.016200,141,8894,2480,1.234043,1.000000,0.041033
v05_t01_l00,5,110,100,20,/home/hoyt924.linux/qasmtrans/data/test_benchmark/routing_pressure_brisbane_depth100_fixed10/brisbane_topology_n110_v05.qasm,/home/hoyt924.linux/qasmtrans/data/devices/routing_pressure/ibm_brisbane_sub110.json,1,0.016129,0.016129,swap01_0001,"[0, 1, 2, 3, 4, 5, 6, 7, 8, 9, 10, 11, 12, 13, 14, 15, 16, 17, 18, 19, 20, 21, 22, 23, 24, 25, 26, 27, 28, 29, 30, 31, 32, 33, 34, 35, 36, 37, 38, 39, 40, 41, 42, 43, 44, 45, 46, 47, 48, 49, 50, 51, 52, 53, 54, 55, 56, 57, 58, 59, 60, 61, 62, 63, 64, 65, 66, 67, 68, 69, 70, 71, 72, 73, 74, 75, 76, 77, 78, 79, 80, 81, 82, 83, 84, 85, 86, 87, 88, 89, 90, 91, 92, 93, 94, 95, 96, 97, 98, 109, 100, 101, 102, 103, 104, 105, 106, 107, 108, 99]",ok,82.597755,354,11340,2531,17,,ok,1477.547807,170,8925,2489,2.082353,1.016874,0.055902
v05_t02_l00,5,110,100,20,/home/hoyt924.linux/qasmtrans/data/test_benchmark/routing_pressure_brisbane_depth100_fixed10/brisbane_topology_n110_v05.qasm,/home/hoyt924.linux/qasmtrans/data/devices/routing_pressure/ibm_brisbane_sub110.json,2,0.330645,0.330645,swap01_0101,"[0, 1, 2, 3, 4, 5, 53, 7, 8, 9, 10, 11, 12, 13, 14, 15, 16, 17, 18, 19, 20, 21, 22, 23, 24, 25, 26, 27, 28, 29, 30, 31, 32, 33, 34, 35, 36, 37, 38, 39, 40, 41, 42, 43, 44, 45, 46, 47, 48, 49, 50, 51, 52, 6, 54, 55, 56, 57, 58, 59, 60, 61, 62, 63, 64, 65, 66, 67, 68, 69, 70, 71, 72, 73, 74, 75, 76, 77, 78, 79, 80, 81, 82, 83, 84, 85, 86, 87, 88, 89, 90, 91, 92, 93, 94, 95, 96, 97, 98, 99, 100, 101, 102, 103, 104, 105, 106, 107, 108, 109]",ok,73.481883,348,11344,2531,17,,ok,1522.760592,281,9087,2531,1.238434,1.000000,0.048256
v05_t03_l00,5,110,100,20,/home/hoyt924.linux/qasmtrans/data/test_benchmark/routing_pressure_brisbane_depth100_fixed10/brisbane_topology_n110_v05.qasm,/home/hoyt924.linux/qasmtrans/data/devices/routing_pressure/ibm_brisbane_sub110.json,3,0.532258,0.532258,swap01_0026,"[0, 1, 2, 3, 4, 5, 6, 7, 8, 9, 10, 11, 12, 13, 14, 15, 16, 17, 18, 19, 20, 21, 22, 23, 24, 107, 26, 27, 28, 29, 30, 31, 32, 33, 34, 35, 36, 37, 38, 39, 40, 41, 42, 43, 44, 45, 46, 47, 48, 49, 50, 51, 52, 53, 54, 55, 56, 57, 58, 59, 60, 61, 62, 63, 64, 65, 66, 67, 68, 69, 70, 71, 72, 73, 74, 75, 76, 77, 78, 79, 80, 81, 82, 83, 84, 85, 86, 87, 88, 89, 90, 91, 92, 93, 94, 95, 96, 97, 98, 99, 100, 101, 102, 103, 104, 105, 106, 25, 108, 109]",ok,118.657251,499,11972,2655,59,,ok,1538.847780,359,9156,2559,1.389972,1.037515,0.077108
v05_t04_l00,5,110,100,20,/home/hoyt924.linux/qasmtrans/data/test_benchmark/routing_pressure_brisbane_depth100_fixed10/brisbane_topology_n110_v05.qasm,/home/hoyt924.linux/qasmtrans/data/devices/routing_pressure/ibm_brisbane_sub110.json,4,0.741935,0.741935,swap02_0234,"[0, 1, 2, 3, 4, 5, 6, 7, 8, 9, 10, 11, 12, 40, 14, 15, 16, 17, 18, 19, 20, 21, 22, 23, 53, 25, 26, 27, 28, 29, 30, 31, 32, 33, 34, 35, 36, 37, 38, 39, 13, 41, 42, 43, 44, 45, 46, 47, 48, 49, 50, 51, 52, 24, 54, 55, 56, 57, 58, 59, 60, 61, 62, 63, 64, 65, 66, 67, 68, 69, 70, 71, 72, 73, 74, 75, 76, 77, 78, 79, 80, 81, 82, 83, 84, 85, 86, 87, 88, 89, 90, 91, 92, 93, 94, 95, 96, 97, 98, 99, 100, 101, 102, 103, 104, 105, 106, 107, 108, 109]",ok,75.177032,834,12899,2832,120,,ok,1548.978129,300,9321,2610,2.780000,1.085057,0.048533
v05_t05_l00,5,110,100,20,/home/hoyt924.linux/qasmtrans/data/test_benchmark/routing_pressure_brisbane_depth100_fixed10/brisbane_topology_n110_v05.qasm,/home/hoyt924.linux/qasmtrans/data/devices/routing_pressure/ibm_brisbane_sub110.json,5,0.935484,0.935484,swap04_0617,"[0, 1, 2, 3, 4, 5, 6, 7, 8, 9, 10, 11, 44, 13, 14, 15, 16, 17, 18, 19, 20, 21, 22, 23, 24, 25, 26, 27, 28, 29, 53, 31, 32, 33, 34, 35, 36, 37, 38, 39, 40, 41, 42, 43, 12, 45, 46, 47, 48, 49, 50, 51, 52, 30, 54, 55, 56, 57, 58, 59, 60, 61, 62, 74, 64, 90, 66, 67, 68, 69, 70, 71, 72, 73, 63, 75, 76, 77, 78, 79, 80, 81, 82, 83, 84, 85, 86, 87, 88, 89, 65, 91, 92, 93, 94, 95, 96, 97, 98, 99, 100, 101, 102, 103, 104, 105, 106, 107, 108, 109]",ok,119.362774,1790,18512,3843,459,,ok,2622.590048,814,11508,3200,2.199017,1.200937,0.045513
v05_t06_l00,5,110,100,20,/home/hoyt924.linux/qasmtrans/data/test_benchmark/routing_pressure_brisbane_depth100_fixed10/brisbane_topology_n110_v05.qasm,/home/hoyt924.linux/qasmtrans/data/devices/routing_pressure/ibm_brisbane_sub110.json,6,0.943548,0.943548,swap02_0224,"[0, 1, 2, 3, 4, 5, 6, 7, 8, 9, 10, 11, 12, 13, 14, 15, 16, 17, 18, 19, 20, 21, 22, 23, 24, 63, 26, 27, 28, 29, 30, 31, 32, 33, 73, 35, 36, 37, 38, 39, 40, 41, 42, 43, 44, 45, 46, 47, 48, 49, 50, 51, 52, 53, 54, 55, 56, 57, 58, 59, 60, 61, 62, 25, 64, 65, 66, 67, 68, 69, 70, 71, 72, 34, 74, 75, 76, 77, 78, 79, 80, 81, 82, 83, 84, 85, 86, 87, 88, 89, 90, 91, 92, 93, 94, 95, 96, 97, 98, 99, 100, 101, 102, 103, 104, 105, 106, 107, 108, 109]",ok,142.702712,3838,28399,5642,1068,,ok,1606.471670,425,9353,2608,9.030588,2.163344,0.088830
v05_t07_l00,5,110,100,20,/home/hoyt924.linux/qasmtrans/data/test_benchmark/routing_pressure_brisbane_depth100_fixed10/brisbane_topology_n110_v05.qasm,/home/hoyt924.linux/qasmtrans/data/devices/routing_pressure/ibm_brisbane_sub110.json,7,1.129032,1.129032,swap06_0741,"[0, 1, 2, 3, 4, 5, 6, 7, 8, 9, 10, 11, 12, 79, 14, 15, 16, 17, 18, 19, 20, 21, 22, 23, 24, 25, 31, 27, 28, 29, 30, 26, 32, 33, 34, 35, 36, 37, 38, 39, 40, 41, 42, 43, 44, 45, 46, 47, 48, 49, 95, 51, 52, 53, 54, 55, 56, 57, 58, 93, 60, 61, 75, 63, 64, 65, 66, 67, 68, 69, 70, 71, 72, 73, 74, 62, 76, 77, 78, 13, 80, 81, 82, 83, 84, 85, 86, 87, 88, 89, 90, 91, 92, 59, 109, 50, 96, 97, 98, 99, 100, 101, 102, 103, 104, 105, 106, 107, 108, 94]",ok,106.509871,501,13470,2940,154,,ok,1601.368769,295,9484,2656,1.698305,1.106928,0.066512
v05_t08_l00,5,110,100,20,/home/hoyt924.linux/qasmtrans/data/test_benchmark/routing_pressure_brisbane_depth100_fixed10/brisbane_topology_n110_v05.qasm,/home/hoyt924.linux/qasmtrans/data/devices/routing_pressure/ibm_brisbane_sub110.json,8,1.370968,1.370968,swap06_0744,"[0, 1, 52, 3, 4, 5, 6, 7, 8, 9, 10, 11, 12, 13, 14, 15, 16, 17, 18, 19, 20, 21, 22, 23, 24, 25, 57, 79, 28, 29, 30, 31, 32, 33, 34, 35, 36, 37, 27, 39, 84, 41, 42, 43, 44, 45, 46, 47, 48, 49, 50, 51, 2, 53, 54, 40, 56, 26, 58, 59, 60, 61, 62, 63, 64, 65, 66, 67, 68, 69, 70, 71, 72, 73, 74, 75, 76, 77, 78, 38, 80, 81, 82, 83, 55, 85, 86, 87, 88, 89, 90, 91, 92, 93, 94, 95, 96, 97, 98, 99, 100, 101, 102, 103, 104, 105, 106, 107, 108, 109]",ok,110.951172,2108,24000,4829,795,,ok,1666.322105,513,9813,2748,4.109162,1.757278,0.066584
v05_t09_l00,5,110,100,20,/home/hoyt924.linux/qasmtrans/data/test_benchmark/routing_pressure_brisbane_depth100_fixed10/brisbane_topology_n110_v05.qasm,/home/hoyt924.linux/qasmtrans/data/devices/routing_pressure/ibm_brisbane_sub110.json,9,1.661290,1.661290,swap06_0730,"[0, 1, 2, 3, 4, 5, 6, 99, 8, 9, 10, 11, 12, 42, 14, 15, 16, 17, 18, 19, 20, 21, 22, 23, 24, 25, 26, 35, 28, 29, 30, 31, 32, 33, 34, 27, 36, 68, 59, 39, 40, 41, 13, 43, 44, 45, 46, 47, 48, 49, 50, 51, 52, 53, 54, 55, 56, 57, 58, 38, 60, 61, 62, 63, 64, 65, 66, 67, 37, 69, 70, 71, 72, 73, 79, 75, 76, 77, 78, 74, 80, 81, 82, 83, 84, 85, 86, 87, 88, 89, 90, 91, 92, 93, 94, 95, 96, 97, 98, 7, 100, 101, 102, 103, 104, 105, 106, 107, 108, 109]",ok,126.300615,2917,31103,6117,1229,,ok,2539.673085,1011,13662,3440,2.885262,1.778198,0.049731
v06_t00_l00,6,110,100,20,/home/hoyt924.linux/qasmtrans/data/test_benchmark/routing_pressure_brisbane_depth100_fixed10/brisbane_topology_n110_v06.qasm,/home/hoyt924.linux/qasmtrans/data/devices/routing_pressure/ibm_brisbane_sub110.json,0,0.000000,0.000000,identity,"[0, 1, 2, 3, 4, 5, 6, 7, 8, 9, 10, 11, 12, 13, 14, 15, 16, 17, 18, 19, 20, 21, 22, 23, 24, 25, 26, 27, 28, 29, 30, 31, 32, 33, 34, 35, 36, 37, 38, 39, 40, 41, 42, 43, 44, 45, 46, 47, 48, 49, 50, 51, 52, 53, 54, 55, 56, 57, 58, 59, 60, 61, 62, 63, 64, 65, 66, 67, 68, 69, 70, 71, 72, 73, 74, 75, 76, 77, 78, 79, 80, 81, 82, 83, 84, 85, 86, 87, 88, 89, 90, 91, 92, 93, 94, 95, 96, 97, 98, 99, 100, 101, 102, 103, 104, 105, 106, 107, 108, 109]",ok,61.084502,175,11073,2480,0,,ok,2078.495678,150,8899,2480,1.166667,1.000000,0.029389
v06_t01_l00,6,110,100,20,/home/hoyt924.linux/qasmtrans/data/test_benchmark/routing_pressure_brisbane_depth100_fixed10/brisbane_topology_n110_v06.qasm,/home/hoyt924.linux/qasmtrans/data/devices/routing_pressure/ibm_brisbane_sub110.json,1,0.016129,0.016129,swap01_0001,"[0, 1, 2, 3, 4, 5, 6, 7, 8, 9, 10, 11, 12, 13, 14, 15, 16, 17, 18, 19, 20, 21, 22, 23, 24, 25, 26, 27, 28, 29, 30, 31, 32, 33, 34, 35, 36, 37, 38, 39, 40, 41, 42, 43, 44, 45, 46, 47, 48, 49, 50, 51, 52, 53, 54, 55, 56, 57, 58, 59, 60, 61, 62, 63, 64, 65, 66, 67, 68, 69, 70, 71, 72, 73, 74, 75, 76, 77, 78, 79, 80, 81, 82, 83, 84, 85, 86, 87, 88, 89, 90, 91, 92, 93, 94, 95, 96, 97, 98, 109, 100, 101, 102, 103, 104, 105, 106, 107, 108, 99]",ok,63.748064,1024,12212,2702,74,,ok,1547.058595,172,8931,2489,5.953488,1.085577,0.041206
v06_t02_l00,6,110,100,20,/home/hoyt924.linux/qasmtrans/data/test_benchmark/routing_pressure_brisbane_depth100_fixed10/brisbane_topology_n110_v06.qasm,/home/hoyt924.linux/qasmtrans/data/devices/routing_pressure/ibm_brisbane_sub110.json,2,0.330645,0.330645,swap01_0101,"[0, 1, 2, 3, 4, 5, 53, 7, 8, 9, 10, 11, 12, 13, 14, 15, 16, 17, 18, 19, 20, 21, 22, 23, 24, 25, 26, 27, 28, 29, 30, 31, 32, 33, 34, 35, 36, 37, 38, 39, 40, 41, 42, 43, 44, 45, 46, 47, 48, 49, 50, 51, 52, 6, 54, 55, 56, 57, 58, 59, 60, 61, 62, 63, 64, 65, 66, 67, 68, 69, 70, 71, 72, 73, 74, 75, 76, 77, 78, 79, 80, 81, 82, 83, 84, 85, 86, 87, 88, 89, 90, 91, 92, 93, 94, 95, 96, 97, 98, 99, 100, 101, 102, 103, 104, 105, 106, 107, 108, 109]",ok,61.758198,348,11340,2531,17,,ok,1582.870112,281,9096,2531,1.238434,1.000000,0.039017
v06_t03_l00,6,110,100,20,/home/hoyt924.linux/qasmtrans/data/test_benchmark/routing_pressure_brisbane_depth100_fixed10/brisbane_topology_n110_v06.qasm,/home/hoyt924.linux/qasmtrans/data/devices/routing_pressure/ibm_brisbane_sub110.json,3,0.532258,0.532258,swap01_0026,"[0, 1, 2, 3, 4, 5, 6, 7, 8, 9, 10, 11, 12, 13, 14, 15, 16, 17, 18, 19, 20, 21, 22, 23, 24, 107, 26, 27, 28, 29, 30, 31, 32, 33, 34, 35, 36, 37, 38, 39, 40, 41, 42, 43, 44, 45, 46, 47, 48, 49, 50, 51, 52, 53, 54, 55, 56, 57, 58, 59, 60, 61, 62, 63, 64, 65, 66, 67, 68, 69, 70, 71, 72, 73, 74, 75, 76, 77, 78, 79, 80, 81, 82, 83, 84, 85, 86, 87, 88, 89, 90, 91, 92, 93, 94, 95, 96, 97, 98, 99, 100, 101, 102, 103, 104, 105, 106, 25, 108, 109]",ok,94.518697,1880,16996,3570,366,,ok,1543.029393,361,9162,2559,5.207756,1.395076,0.061255
v06_t04_l00,6,110,100,20,/home/hoyt924.linux/qasmtrans/data/test_benchmark/routing_pressure_brisbane_depth100_fixed10/brisbane_topology_n110_v06.qasm,/home/hoyt924.linux/qasmtrans/data/devices/routing_pressure/ibm_brisbane_sub110.json,4,0.741935,0.741935,swap02_0234,"[0, 1, 2, 3, 4, 5, 6, 7, 8, 9, 10, 11, 12, 40, 14, 15, 16, 17, 18, 19, 20, 21, 22, 23, 53, 25, 26, 27, 28, 29, 30, 31, 32, 33, 34, 35, 36, 37, 38, 39, 13, 41, 42, 43, 44, 45, 46, 47, 48, 49, 50, 51, 52, 24, 54, 55, 56, 57, 58, 59, 60, 61, 62, 63, 64, 65, 66, 67, 68, 69, 70, 71, 72, 73, 74, 75, 76, 77, 78, 79, 80, 81, 82, 83, 84, 85, 86, 87, 88, 89, 90, 91, 92, 93, 94, 95, 96, 97, 98, 99, 100, 101, 102, 103, 104, 105, 106, 107, 108, 109]",ok,72.608372,1369,15769,3336,292,,ok,1590.315541,452,9451,2634,3.028761,1.266515,0.045657
v06_t05_l00,6,110,100,20,/home/hoyt924.linux/qasmtrans/data/test_benchmark/routing_pressure_brisbane_depth100_fixed10/brisbane_topology_n110_v06.qasm,/home/hoyt924.linux/qasmtrans/data/devices/routing_pressure/ibm_brisbane_sub110.json,5,0.935484,0.935484,swap04_0617,"[0, 1, 2, 3, 4, 5, 6, 7, 8, 9, 10, 11, 44, 13, 14, 15, 16, 17, 18, 19, 20, 21, 22, 23, 24, 25, 26, 27, 28, 29, 53, 31, 32, 33, 34, 35, 36, 37, 38, 39, 40, 41, 42, 43, 12, 45, 46, 47, 48, 49, 50, 51, 52, 30, 54, 55, 56, 57, 58, 59, 60, 61, 62, 74, 64, 90, 66, 67, 68, 69, 70, 71, 72, 73, 63, 75, 76, 77, 78, 79, 80, 81, 82, 83, 84, 85, 86, 87, 88, 89, 65, 91, 92, 93, 94, 95, 96, 97, 98, 99, 100, 101, 102, 103, 104, 105, 106, 107, 108, 109]",ok,68.779975,909,15011,3156,230,,ok,1799.327973,451,10497,2916,2.015521,1.082305,0.038225
v06_t06_l00,6,110,100,20,/home/hoyt924.linux/qasmtrans/data/test_benchmark/routing_pressure_brisbane_depth100_fixed10/brisbane_topology_n110_v06.qasm,/home/hoyt924.linux/qasmtrans/data/devices/routing_pressure/ibm_brisbane_sub110.json,6,0.943548,0.943548,swap02_0224,"[0, 1, 2, 3, 4, 5, 6, 7, 8, 9, 10, 11, 12, 13, 14, 15, 16, 17, 18, 19, 20, 21, 22, 23, 24, 63, 26, 27, 28, 29, 30, 31, 32, 33, 73, 35, 36, 37, 38, 39, 40, 41, 42, 43, 44, 45, 46, 47, 48, 49, 50, 51, 52, 53, 54, 55, 56, 57, 58, 59, 60, 61, 62, 25, 64, 65, 66, 67, 68, 69, 70, 71, 72, 34, 74, 75, 76, 77, 78, 79, 80, 81, 82, 83, 84, 85, 86, 87, 88, 89, 90, 91, 92, 93, 94, 95, 96, 97, 98, 99, 100, 101, 102, 103, 104, 105, 106, 107, 108, 109]",ok,162.113906,2918,30894,6056,1204,,ok,1595.114096,496,9409,2608,5.883065,2.322086,0.101632
v06_t07_l00,6,110,100,20,/home/hoyt924.linux/qasmtrans/data/test_benchmark/routing_pressure_brisbane_depth100_fixed10/brisbane_topology_n110_v06.qasm,/home/hoyt924.linux/qasmtrans/data/devices/routing_pressure/ibm_brisbane_sub110.json,7,1.129032,1.129032,swap06_0741,"[0, 1, 2, 3, 4, 5, 6, 7, 8, 9, 10, 11, 12, 79, 14, 15, 16, 17, 18, 19, 20, 21, 22, 23, 24, 25, 31, 27, 28, 29, 30, 26, 32, 33, 34, 35, 36, 37, 38, 39, 40, 41, 42, 43, 44, 45, 46, 47, 48, 49, 95, 51, 52, 53, 54, 55, 56, 57, 58, 93, 60, 61, 75, 63, 64, 65, 66, 67, 68, 69, 70, 71, 72, 73, 74, 62, 76, 77, 78, 13, 80, 81, 82, 83, 84, 85, 86, 87, 88, 89, 90, 91, 92, 59, 109, 50, 96, 97, 98, 99, 100, 101, 102, 103, 104, 105, 106, 107, 108, 94]",ok,68.084971,1216,13851,3011,179,,ok,1614.819036,427,9550,2662,2.847775,1.131104,0.042163
v06_t08_l00,6,110,100,20,/home/hoyt924.linux/qasmtrans/data/test_benchmark/routing_pressure_brisbane_depth100_fixed10/brisbane_topology_n110_v06.qasm,/home/hoyt924.linux/qasmtrans/data/devices/routing_pressure/ibm_brisbane_sub110.json,8,1.370968,1.370968,swap06_0744,"[0, 1, 52, 3, 4, 5, 6, 7, 8, 9, 10, 11, 12, 13, 14, 15, 16, 17, 18, 19, 20, 21, 22, 23, 24, 25, 57, 79, 28, 29, 30, 31, 32, 33, 34, 35, 36, 37, 27, 39, 84, 41, 42, 43, 44, 45, 46, 47, 48, 49, 50, 51, 2, 53, 54, 40, 56, 26, 58, 59, 60, 61, 62, 63, 64, 65, 66, 67, 68, 69, 70, 71, 72, 73, 74, 75, 76, 77, 78, 38, 80, 81, 82, 83, 55, 85, 86, 87, 88, 89, 90, 91, 92, 93, 94, 95, 96, 97, 98, 99, 100, 101, 102, 103, 104, 105, 106, 107, 108, 109]",error,,,,,,"Traceback (most recent call last):
  File ""/home/hoyt924.linux/qasmtrans/test/benchmarking/run_brisbane_pressure_bench.py"", line 319, in <module>
    main()
  File ""/home/hoyt924.linux/qasmtrans/test/benchmarking/run_brisbane_pressure_bench.py"", line 219, in main
    result = run_qasmtrans_case_inner(
  File ""/home/hoyt924.linux/qasmtrans/test/benchmarking/run_brisbane_pressure_bench.py"", line 75, in run_qasmtrans_case_inner
    res = qasmtrans.transpile_qasm(str(qasm_path), opts)
MemoryError: std::bad_alloc",ok,4499.382572,1492,15751,3886,,,
v06_t09_l00,6,110,100,20,/home/hoyt924.linux/qasmtrans/data/test_benchmark/routing_pressure_brisbane_depth100_fixed10/brisbane_topology_n110_v06.qasm,/home/hoyt924.linux/qasmtrans/data/devices/routing_pressure/ibm_brisbane_sub110.json,9,1.661290,1.661290,swap06_0730,"[0, 1, 2, 3, 4, 5, 6, 99, 8, 9, 10, 11, 12, 42, 14, 15, 16, 17, 18, 19, 20, 21, 22, 23, 24, 25, 26, 35, 28, 29, 30, 31, 32, 33, 34, 27, 36, 68, 59, 39, 40, 41, 13, 43, 44, 45, 46, 47, 48, 49, 50, 51, 52, 53, 54, 55, 56, 57, 58, 38, 60, 61, 62, 63, 64, 65, 66, 67, 37, 69, 70, 71, 72, 73, 79, 75, 76, 77, 78, 74, 80, 81, 82, 83, 84, 85, 86, 87, 88, 89, 90, 91, 92, 93, 94, 95, 96, 97, 98, 7, 100, 101, 102, 103, 104, 105, 106, 107, 108, 109]",ok,179.956703,4273,39840,7770,1782,,ok,3980.491601,1095,15318,3641,3.902283,2.134029,0.045210
v07_t00_l00,7,110,100,20,/home/hoyt924.linux/qasmtrans/data/test_benchmark/routing_pressure_brisbane_depth100_fixed10/brisbane_topology_n110_v07.qasm,/home/hoyt924.linux/qasmtrans/data/devices/routing_pressure/ibm_brisbane_sub110.json,0,0.000000,0.000000,identity,"[0, 1, 2, 3, 4, 5, 6, 7, 8, 9, 10, 11, 12, 13, 14, 15, 16, 17, 18, 19, 20, 21, 22, 23, 24, 25, 26, 27, 28, 29, 30, 31, 32, 33, 34, 35, 36, 37, 38, 39, 40, 41, 42, 43, 44, 45, 46, 47, 48, 49, 50, 51, 52, 53, 54, 55, 56, 57, 58, 59, 60, 61, 62, 63, 64, 65, 66, 67, 68, 69, 70, 71, 72, 73, 74, 75, 76, 77, 78, 79, 80, 81, 82, 83, 84, 85, 86, 87, 88, 89, 90, 91, 92, 93, 94, 95, 96, 97, 98, 99, 100, 101, 102, 103, 104, 105, 106, 107, 108, 109]",ok,78.858985,173,11073,2480,0,,ok,2163.549953,148,8901,2480,1.168919,1.000000,0.036449
v07_t01_l00,7,110,100,20,/home/hoyt924.linux/qasmtrans/data/test_benchmark/routing_pressure_brisbane_depth100_fixed10/brisbane_topology_n110_v07.qasm,/home/hoyt924.linux/qasmtrans/data/devices/routing_pressure/ibm_brisbane_sub110.json,1,0.016129,0.016129,swap01_0001,"[0, 1, 2, 3, 4, 5, 6, 7, 8, 9, 10, 11, 12, 13, 14, 15, 16, 17, 18, 19, 20, 21, 22, 23, 24, 25, 26, 27, 28, 29, 30, 31, 32, 33, 34, 35, 36, 37, 38, 39, 40, 41, 42, 43, 44, 45, 46, 47, 48, 49, 50, 51, 52, 53, 54, 55, 56, 57, 58, 59, 60, 61, 62, 63, 64, 65, 66, 67, 68, 69, 70, 71, 72, 73, 74, 75, 76, 77, 78, 79, 80, 81, 82, 83, 84, 85, 86, 87, 88, 89, 90, 91, 92, 93, 94, 95, 96, 97, 98, 109, 100, 101, 102, 103, 104, 105, 106, 107, 108, 99]",ok,72.426252,331,11287,2519,13,,ok,1565.160409,168,8927,2489,1.970238,1.012053,0.046274
v07_t02_l00,7,110,100,20,/home/hoyt924.linux/qasmtrans/data/test_benchmark/routing_pressure_brisbane_depth100_fixed10/brisbane_topology_n110_v07.qasm,/home/hoyt924.linux/qasmtrans/data/devices/routing_pressure/ibm_brisbane_sub110.json,2,0.330645,0.330645,swap01_0101,"[0, 1, 2, 3, 4, 5, 53, 7, 8, 9, 10, 11, 12, 13, 14, 15, 16, 17, 18, 19, 20, 21, 22, 23, 24, 25, 26, 27, 28, 29, 30, 31, 32, 33, 34, 35, 36, 37, 38, 39, 40, 41, 42, 43, 44, 45, 46, 47, 48, 49, 50, 51, 52, 6, 54, 55, 56, 57, 58, 59, 60, 61, 62, 63, 64, 65, 66, 67, 68, 69, 70, 71, 72, 73, 74, 75, 76, 77, 78, 79, 80, 81, 82, 83, 84, 85, 86, 87, 88, 89, 90, 91, 92, 93, 94, 95, 96, 97, 98, 99, 100, 101, 102, 103, 104, 105, 106, 107, 108, 109]",ok,99.074655,1697,17366,3610,382,,ok,1601.301422,281,9260,2585,6.039146,1.396518,0.061871
v07_t03_l00,7,110,100,20,/home/hoyt924.linux/qasmtrans/data/test_benchmark/routing_pressure_brisbane_depth100_fixed10/brisbane_topology_n110_v07.qasm,/home/hoyt924.linux/qasmtrans/data/devices/routing_pressure/ibm_brisbane_sub110.json,3,0.532258,0.532258,swap01_0026,"[0, 1, 2, 3, 4, 5, 6, 7, 8, 9, 10, 11, 12, 13, 14, 15, 16, 17, 18, 19, 20, 21, 22, 23, 24, 107, 26, 27, 28, 29, 30, 31, 32, 33, 34, 35, 36, 37, 38, 39, 40, 41, 42, 43, 44, 45, 46, 47, 48, 49, 50, 51, 52, 53, 54, 55, 56, 57, 58, 59, 60, 61, 62, 63, 64, 65, 66, 67, 68, 69, 70, 71, 72, 73, 74, 75, 76, 77, 78, 79, 80, 81, 82, 83, 84, 85, 86, 87, 88, 89, 90, 91, 92, 93, 94, 95, 96, 97, 98, 99, 100, 101, 102, 103, 104, 105, 106, 25, 108, 109]",ok,70.348575,456,11507,2561,27,,ok,1579.610951,364,9204,2561,1.252747,1.000000,0.044535
v07_t04_l00,7,110,100,20,/home/hoyt924.linux/qasmtrans/data/test_benchmark/routing_pressure_brisbane_depth100_fixed10/brisbane_topology_n110_v07.qasm,/home/hoyt924.linux/qasmtrans/data/devices/routing_pressure/ibm_brisbane_sub110.json,4,0.741935,0.741935,swap02_0234,"[0, 1, 2, 3, 4, 5, 6, 7, 8, 9, 10, 11, 12, 40, 14, 15, 16, 17, 18, 19, 20, 21, 22, 23, 53, 25, 26, 27, 28, 29, 30, 31, 32, 33, 34, 35, 36, 37, 38, 39, 13, 41, 42, 43, 44, 45, 46, 47, 48, 49, 50, 51, 52, 24, 54, 55, 56, 57, 58, 59, 60, 61, 62, 63, 64, 65, 66, 67, 68, 69, 70, 71, 72, 73, 74, 75, 76, 77, 78, 79, 80, 81, 82, 83, 84, 85, 86, 87, 88, 89, 90, 91, 92, 93, 94, 95, 96, 97, 98, 99, 100, 101, 102, 103, 104, 105, 106, 107, 108, 109]",ok,102.091603,1850,17765,3704,412,,ok,1620.821922,376,9327,2594,4.920213,1.427911,0.062988
v07_t05_l00,7,110,100,20,/home/hoyt924.linux/qasmtrans/data/test_benchmark/routing_pressure_brisbane_depth100_fixed10/brisbane_topology_n110_v07.qasm,/home/hoyt924.linux/qasmtrans/data/devices/routing_pressure/ibm_brisbane_sub110.json,5,0.935484,0.935484,swap04_0617,"[0, 1, 2, 3, 4, 5, 6, 7, 8, 9, 10, 11, 44, 13, 14, 15, 16, 17, 18, 19, 20, 21, 22, 23, 24, 25, 26, 27, 28, 29, 53, 31, 32, 33, 34, 35, 36, 37, 38, 39, 40, 41, 42, 43, 12, 45, 46, 47, 48, 49, 50, 51, 52, 30, 54, 55, 56, 57, 58, 59, 60, 61, 62, 74, 64, 90, 66, 67, 68, 69, 70, 71, 72, 73, 63, 75, 76, 77, 78, 79, 80, 81, 82, 83, 84, 85, 86, 87, 88, 89, 65, 91, 92, 93, 94, 95, 96, 97, 98, 99, 100, 101, 102, 103, 104, 105, 106, 107, 108, 109]",ok,87.784708,1514,19093,3900,486,,ok,2656.067525,678,11149,3082,2.233038,1.265412,0.033051
v07_t06_l00,7,110,100,20,/home/hoyt924.linux/qasmtrans/data/test_benchmark/routing_pressure_brisbane_depth100_fixed10/brisbane_topology_n110_v07.qasm,/home/hoyt924.linux/qasmtrans/data/devices/routing_pressure/ibm_brisbane_sub110.json,6,0.943548,0.943548,swap02_0224,"[0, 1, 2, 3, 4, 5, 6, 7, 8, 9, 10, 11, 12, 13, 14, 15, 16, 17, 18, 19, 20, 21, 22, 23, 24, 63, 26, 27, 28, 29, 30, 31, 32, 33, 73, 35, 36, 37, 38, 39, 40, 41, 42, 43, 44, 45, 46, 47, 48, 49, 50, 51, 52, 53, 54, 55, 56, 57, 58, 59, 60, 61, 62, 25, 64, 65, 66, 67, 68, 69, 70, 71, 72, 34, 74, 75, 76, 77, 78, 79, 80, 81, 82, 83, 84, 85, 86, 87, 88, 89, 90, 91, 92, 93, 94, 95, 96, 97, 98, 99, 100, 101, 102, 103, 104, 105, 106, 107, 108, 109]",error,,,,,,"Traceback (most recent call last):
  File ""/home/hoyt924.linux/qasmtrans/test/benchmarking/run_brisbane_pressure_bench.py"", line 319, in <module>
    main()
  File ""/home/hoyt924.linux/qasmtrans/test/benchmarking/run_brisbane_pressure_bench.py"", line 219, in main
    result = run_qasmtrans_case_inner(
  File ""/home/hoyt924.linux/qasmtrans/test/benchmarking/run_brisbane_pressure_bench.py"", line 75, in run_qasmtrans_case_inner
    res = qasmtrans.transpile_qasm(str(qasm_path), opts)
MemoryError: std::bad_alloc",ok,1698.978941,421,9344,2612,,,
v07_t07_l00,7,110,100,20,/home/hoyt924.linux/qasmtrans/data/test_benchmark/routing_pressure_brisbane_depth100_fixed10/brisbane_topology_n110_v07.qasm,/home/hoyt924.linux/qasmtrans/data/devices/routing_pressure/ibm_brisbane_sub110.json,7,1.129032,1.129032,swap06_0741,"[0, 1, 2, 3, 4, 5, 6, 7, 8, 9, 10, 11, 12, 79, 14, 15, 16, 17, 18, 19, 20, 21, 22, 23, 24, 25, 31, 27, 28, 29, 30, 26, 32, 33, 34, 35, 36, 37, 38, 39, 40, 41, 42, 43, 44, 45, 46, 47, 48, 49, 95, 51, 52, 53, 54, 55, 56, 57, 58, 93, 60, 61, 75, 63, 64, 65, 66, 67, 68, 69, 70, 71, 72, 73, 74, 62, 76, 77, 78, 13, 80, 81, 82, 83, 84, 85, 86, 87, 88, 89, 90, 91, 92, 59, 109, 50, 96, 97, 98, 99, 100, 101, 102, 103, 104, 105, 106, 107, 108, 94]",ok,92.475396,1558,18922,3906,486,,ok,2221.216202,360,9492,2652,4.327778,1.472851,0.041633
v07_t08_l00,7,110,100,20,/home/hoyt924.linux/qasmtrans/data/test_benchmark/routing_pressure_brisbane_depth100_fixed10/brisbane_topology_n110_v07.qasm,/home/hoyt924.linux/qasmtrans/data/devices/routing_pressure/ibm_brisbane_sub110.json,8,1.370968,1.370968,swap06_0744,"[0, 1, 52, 3, 4, 5, 6, 7, 8, 9, 10, 11, 12, 13, 14, 15, 16, 17, 18, 19, 20, 21, 22, 23, 24, 25, 57, 79, 28, 29, 30, 31, 32, 33, 34, 35, 36, 37, 27, 39, 84, 41, 42, 43, 44, 45, 46, 47, 48, 49, 50, 51, 2, 53, 54, 40, 56, 26, 58, 59, 60, 61, 62, 63, 64, 65, 66, 67, 68, 69, 70, 71, 72, 73, 74, 75, 76, 77, 78, 38, 80, 81, 82, 83, 55, 85, 86, 87, 88, 89, 90, 91, 92, 93, 94, 95, 96, 97, 98, 99, 100, 101, 102, 103, 104, 105, 106, 107, 108, 109]",error,,,,,,"Traceback (most recent call last):
  File ""/home/hoyt924.linux/qasmtrans/test/benchmarking/run_brisbane_pressure_bench.py"", line 319, in <module>
    main()
  File ""/home/hoyt924.linux/qasmtrans/test/benchmarking/run_brisbane_pressure_bench.py"", line 219, in main
    result = run_qasmtrans_case_inner(
  File ""/home/hoyt924.linux/qasmtrans/test/benchmarking/run_brisbane_pressure_bench.py"", line 75, in run_qasmtrans_case_inner
    res = qasmtrans.transpile_qasm(str(qasm_path), opts)
MemoryError: std::bad_alloc",ok,3136.712607,1032,12631,3307,,,
v07_t09_l00,7,110,100,20,/home/hoyt924.linux/qasmtrans/data/test_benchmark/routing_pressure_brisbane_depth100_fixed10/brisbane_topology_n110_v07.qasm,/home/hoyt924.linux/qasmtrans/data/devices/routing_pressure/ibm_brisbane_sub110.json,9,1.661290,1.661290,swap06_0730,"[0, 1, 2, 3, 4, 5, 6, 99, 8, 9, 10, 11, 12, 42, 14, 15, 16, 17, 18, 19, 20, 21, 22, 23, 24, 25, 26, 35, 28, 29, 30, 31, 32, 33, 34, 27, 36, 68, 59, 39, 40, 41, 13, 43, 44, 45, 46, 47, 48, 49, 50, 51, 52, 53, 54, 55, 56, 57, 58, 38, 60, 61, 62, 63, 64, 65, 66, 67, 37, 69, 70, 71, 72, 73, 79, 75, 76, 77, 78, 74, 80, 81, 82, 83, 84, 85, 86, 87, 88, 89, 90, 91, 92, 93, 94, 95, 96, 97, 98, 7, 100, 101, 102, 103, 104, 105, 106, 107, 108, 109]",ok,216.826685,3244,42278,8223,1937,,ok,4301.345615,1677,16894,4199,1.934407,1.958323,0.050409
v08_t00_l00,8,110,100,20,/home/hoyt924.linux/qasmtrans/data/test_benchmark/routing_pressure_brisbane_depth100_fixed10/brisbane_topology_n110_v08.qasm,/home/hoyt924.linux/qasmtrans/data/devices/routing_pressure/ibm_brisbane_sub110.json,0,0.000000,0.000000,identity,"[0, 1, 2, 3, 4, 5, 6, 7, 8, 9, 10, 11, 12, 13, 14, 15, 16, 17, 18, 19, 20, 21, 22, 23, 24, 25, 26, 27, 28, 29, 30, 31, 32, 33, 34, 35, 36, 37, 38, 39, 40, 41, 42, 43, 44, 45, 46, 47, 48, 49, 50, 51, 52, 53, 54, 55, 56, 57, 58, 59, 60, 61, 62, 63, 64, 65, 66, 67, 68, 69, 70, 71, 72, 73, 74, 75, 76, 77, 78, 79, 80, 81, 82, 83, 84, 85, 86, 87, 88, 89, 90, 91, 92, 93, 94, 95, 96, 97, 98, 99, 100, 101, 102, 103, 104, 105, 106, 107, 108, 109]",ok,68.694073,172,11075,2480,0,,ok,1982.286538,141,8897,2480,1.219858,1.000000,0.034654
v08_t01_l00,8,110,100,20,/home/hoyt924.linux/qasmtrans/data/test_benchmark/routing_pressure_brisbane_depth100_fixed10/brisbane_topology_n110_v08.qasm,/home/hoyt924.linux/qasmtrans/data/devices/routing_pressure/ibm_brisbane_sub110.json,1,0.016129,0.016129,swap01_0001,"[0, 1, 2, 3, 4, 5, 6, 7, 8, 9, 10, 11, 12, 13, 14, 15, 16, 17, 18, 19, 20, 21, 22, 23, 24, 25, 26, 27, 28, 29, 30, 31, 32, 33, 34, 35, 36, 37, 38, 39, 40, 41, 42, 43, 44, 45, 46, 47, 48, 49, 50, 51, 52, 53, 54, 55, 56, 57, 58, 59, 60, 61, 62, 63, 64, 65, 66, 67, 68, 69, 70, 71, 72, 73, 74, 75, 76, 77, 78, 79, 80, 81, 82, 83, 84, 85, 86, 87, 88, 89, 90, 91, 92, 93, 94, 95, 96, 97, 98, 109, 100, 101, 102, 103, 104, 105, 106, 107, 108, 99]",ok,71.522519,864,12063,2666,62,,ok,1563.968333,169,8926,2489,5.112426,1.071113,0.045731
v08_t02_l00,8,110,100,20,/home/hoyt924.linux/qasmtrans/data/test_benchmark/routing_pressure_brisbane_depth100_fixed10/brisbane_topology_n110_v08.qasm,/home/hoyt924.linux/qasmtrans/data/devices/routing_pressure/ibm_brisbane_sub110.json,2,0.330645,0.330645,swap01_0101,"[0, 1, 2, 3, 4, 5, 53, 7, 8, 9, 10, 11, 12, 13, 14, 15, 16, 17, 18, 19, 20, 21, 22, 23, 24, 25, 26, 27, 28, 29, 30, 31, 32, 33, 34, 35, 36, 37, 38, 39, 40, 41, 42, 43, 44, 45, 46, 47, 48, 49, 50, 51, 52, 6, 54, 55, 56, 57, 58, 59, 60, 61, 62, 63, 64, 65, 66, 67, 68, 69, 70, 71, 72, 73, 74, 75, 76, 77, 78, 79, 80, 81, 82, 83, 84, 85, 86, 87, 88, 89, 90, 91, 92, 93, 94, 95, 96, 97, 98, 99, 100, 101, 102, 103, 104, 105, 106, 107, 108, 109]",ok,75.671897,917,13084,2873,131,,ok,1594.055419,298,9236,2579,3.077181,1.113998,0.047471
v08_t03_l00,8,110,100,20,/home/hoyt924.linux/qasmtrans/data/test_benchmark/routing_pressure_brisbane_depth100_fixed10/brisbane_topology_n110_v08.qasm,/home/hoyt924.linux/qasmtrans/data/devices/routing_pressure/ibm_brisbane_sub110.json,3,0.532258,0.532258,swap01_0026,"[0, 1, 2, 3, 4, 5, 6, 7, 8, 9, 10, 11, 12, 13, 14, 15, 16, 17, 18, 19, 20, 21, 22, 23, 24, 107, 26, 27, 28, 29, 30, 31, 32, 33, 34, 35, 36, 37, 38, 39, 40, 41, 42, 43, 44, 45, 46, 47, 48, 49, 50, 51, 52, 53, 54, 55, 56, 57, 58, 59, 60, 61, 62, 63, 64, 65, 66, 67, 68, 69, 70, 71, 72, 73, 74, 75, 76, 77, 78, 79, 80, 81, 82, 83, 84, 85, 86, 87, 88, 89, 90, 91, 92, 93, 94, 95, 96, 97, 98, 99, 100, 101, 102, 103, 104, 105, 106, 25, 108, 109]",ok,111.217515,1960,16964,3599,375,,ok,1616.665021,362,9165,2559,5.414365,1.406409,0.068794
v08_t04_l00,8,110,100,20,/home/hoyt924.linux/qasmtrans/data/test_benchmark/routing_pressure_brisbane_depth100_fixed10/brisbane_topology_n110_v08.qasm,/home/hoyt924.linux/qasmtrans/data/devices/routing_pressure/ibm_brisbane_sub110.json,4,0.741935,0.741935,swap02_0234,"[0, 1, 2, 3, 4, 5, 6, 7, 8, 9, 10, 11, 12, 40, 14, 15, 16, 17, 18, 19, 20, 21, 22, 23, 53, 25, 26, 27, 28, 29, 30, 31, 32, 33, 34, 35, 36, 37, 38, 39, 13, 41, 42, 43, 44, 45, 46, 47, 48, 49, 50, 51, 52, 24, 54, 55, 56, 57, 58, 59, 60, 61, 62, 63, 64, 65, 66, 67, 68, 69, 70, 71, 72, 73, 74, 75, 76, 77, 78, 79, 80, 81, 82, 83, 84, 85, 86, 87, 88, 89, 90, 91, 92, 93, 94, 95, 96, 97, 98, 99, 100, 101, 102, 103, 104, 105, 106, 107, 108, 109]",ok,71.606808,655,13201,2890,140,,ok,1623.249302,447,9298,2592,1.465324,1.114969,0.044113
v08_t05_l00,8,110,100,20,/home/hoyt924.linux/qasmtrans/data/test_benchmark/routing_pressure_brisbane_depth100_fixed10/brisbane_topology_n110_v08.qasm,/home/hoyt924.linux/qasmtrans/data/devices/routing_pressure/ibm_brisbane_sub110.json,5,0.935484,0.935484,swap04_0617,"[0, 1, 2, 3, 4, 5, 6, 7, 8, 9, 10, 11, 44, 13, 14, 15, 16, 17, 18, 19, 20, 21, 22, 23, 24, 25, 26, 27, 28, 29, 53, 31, 32, 33, 34, 35, 36, 37, 38, 39, 40, 41, 42, 43, 12, 45, 46, 47, 48, 49, 50, 51, 52, 30, 54, 55, 56, 57, 58, 59, 60, 61, 62, 74, 64, 90, 66, 67, 68, 69, 70, 71, 72, 73, 63, 75, 76, 77, 78, 79, 80, 81, 82, 83, 84, 85, 86, 87, 88, 89, 65, 91, 92, 93, 94, 95, 96, 97, 98, 99, 100, 101, 102, 103, 104, 105, 106, 107, 108, 109]",ok,85.975992,1695,19644,4003,515,,ok,1837.542136,433,10302,2880,3.914550,1.389931,0.046789
v08_t06_l00,8,110,100,20,/home/hoyt924.linux/qasmtrans/data/test_benchmark/routing_pressure_brisbane_depth100_fixed10/brisbane_topology_n110_v08.qasm,/home/hoyt924.linux/qasmtrans/data/devices/routing_pressure/ibm_brisbane_sub110.json,6,0.943548,0.943548,swap02_0224,"[0, 1, 2, 3, 4, 5, 6, 7, 8, 9, 10, 11, 12, 13, 14, 15, 16, 17, 18, 19, 20, 21, 22, 23, 24, 63, 26, 27, 28, 29, 30, 31, 32, 33, 73, 35, 36, 37, 38, 39, 40, 41, 42, 43, 44, 45, 46, 47, 48, 49, 50, 51, 52, 53, 54, 55, 56, 57, 58, 59, 60, 61, 62, 25, 64, 65, 66, 67, 68, 69, 70, 71, 72, 34, 74, 75, 76, 77, 78, 79, 80, 81, 82, 83, 84, 85, 86, 87, 88, 89, 90, 91, 92, 93, 94, 95, 96, 97, 98, 99, 100, 101, 102, 103, 104, 105, 106, 107, 108, 109]",ok,117.576891,2856,28588,5711,1087,,ok,1662.436617,343,9343,2612,8.326531,2.186447,0.070726
v08_t07_l00,8,110,100,20,/home/hoyt924.linux/qasmtrans/data/test_benchmark/routing_pressure_brisbane_depth100_fixed10/brisbane_topology_n110_v08.qasm,/home/hoyt924.linux/qasmtrans/data/devices/routing_pressure/ibm_brisbane_sub110.json,7,1.129032,1.129032,swap06_0741,"[0, 1, 2, 3, 4, 5, 6, 7, 8, 9, 10, 11, 12, 79, 14, 15, 16, 17, 18, 19, 20, 21, 22, 23, 24, 25, 31, 27, 28, 29, 30, 26, 32, 33, 34, 35, 36, 37, 38, 39, 40, 41, 42, 43, 44, 45, 46, 47, 48, 49, 95, 51, 52, 53, 54, 55, 56, 57, 58, 93, 60, 61, 75, 63, 64, 65, 66, 67, 68, 69, 70, 71, 72, 73, 74, 62, 76, 77, 78, 13, 80, 81, 82, 83, 84, 85, 86, 87, 88, 89, 90, 91, 92, 59, 109, 50, 96, 97, 98, 99, 100, 101, 102, 103, 104, 105, 106, 107, 108, 94]",ok,71.877675,1017,13386,2909,143,,ok,1722.623253,370,9548,2660,2.748649,1.093609,0.041726
v08_t08_l00,8,110,100,20,/home/hoyt924.linux/qasmtrans/data/test_benchmark/routing_pressure_brisbane_depth100_fixed10/brisbane_topology_n110_v08.qasm,/home/hoyt924.linux/qasmtrans/data/devices/routing_pressure/ibm_brisbane_sub110.json,8,1.370968,1.370968,swap06_0744,"[0, 1, 52, 3, 4, 5, 6, 7, 8, 9, 10, 11, 12, 13, 14, 15, 16, 17, 18, 19, 20, 21, 22, 23, 24, 25, 57, 79, 28, 29, 30, 31, 32, 33, 34, 35, 36, 37, 27, 39, 84, 41, 42, 43, 44, 45, 46, 47, 48, 49, 50, 51, 2, 53, 54, 40, 56, 26, 58, 59, 60, 61, 62, 63, 64, 65, 66, 67, 68, 69, 70, 71, 72, 73, 74, 75, 76, 77, 78, 38, 80, 81, 82, 83, 55, 85, 86, 87, 88, 89, 90, 91, 92, 93, 94, 95, 96, 97, 98, 99, 100, 101, 102, 103, 104, 105, 106, 107, 108, 109]",error,,,,,,"Traceback (most recent call last):
  File ""/home/hoyt924.linux/qasmtrans/test/benchmarking/run_brisbane_pressure_bench.py"", line 319, in <module>
    main()
  File ""/home/hoyt924.linux/qasmtrans/test/benchmarking/run_brisbane_pressure_bench.py"", line 219, in main
    result = run_qasmtrans_case_inner(
  File ""/home/hoyt924.linux/qasmtrans/test/benchmarking/run_brisbane_pressure_bench.py"", line 75, in run_qasmtrans_case_inner
    res = qasmtrans.transpile_qasm(str(qasm_path), opts)
MemoryError: std::bad_alloc",ok,4244.874614,1294,16132,3930,,,
v08_t09_l00,8,110,100,20,/home/hoyt924.linux/qasmtrans/data/test_benchmark/routing_pressure_brisbane_depth100_fixed10/brisbane_topology_n110_v08.qasm,/home/hoyt924.linux/qasmtrans/data/devices/routing_pressure/ibm_brisbane_sub110.json,9,1.661290,1.661290,swap06_0730,"[0, 1, 2, 3, 4, 5, 6, 99, 8, 9, 10, 11, 12, 42, 14, 15, 16, 17, 18, 19, 20, 21, 22, 23, 24, 25, 26, 35, 28, 29, 30, 31, 32, 33, 34, 27, 36, 68, 59, 39, 40, 41, 13, 43, 44, 45, 46, 47, 48, 49, 50, 51, 52, 53, 54, 55, 56, 57, 58, 38, 60, 61, 62, 63, 64, 65, 66, 67, 37, 69, 70, 71, 72, 73, 79, 75, 76, 77, 78, 74, 80, 81, 82, 83, 84, 85, 86, 87, 88, 89, 90, 91, 92, 93, 94, 95, 96, 97, 98, 7, 100, 101, 102, 103, 104, 105, 106, 107, 108, 109]",error,,,,,,"Traceback (most recent call last):
  File ""/home/hoyt924.linux/qasmtrans/test/benchmarking/run_brisbane_pressure_bench.py"", line 319, in <module>
    main()
  File ""/home/hoyt924.linux/qasmtrans/test/benchmarking/run_brisbane_pressure_bench.py"", line 219, in main
    result = run_qasmtrans_case_inner(
  File ""/home/hoyt924.linux/qasmtrans/test/benchmarking/run_brisbane_pressure_bench.py"", line 75, in run_qasmtrans_case_inner
    res = qasmtrans.transpile_qasm(str(qasm_path), opts)
MemoryError: std::bad_alloc",ok,4125.019190,1079,16497,3988,,,
v09_t00_l00,9,110,100,20,/home/hoyt924.linux/qasmtrans/data/test_benchmark/routing_pressure_brisbane_depth100_fixed10/brisbane_topology_n110_v09.qasm,/home/hoyt924.linux/qasmtrans/data/devices/routing_pressure/ibm_brisbane_sub110.json,0,0.000000,0.000000,identity,"[0, 1, 2, 3, 4, 5, 6, 7, 8, 9, 10, 11, 12, 13, 14, 15, 16, 17, 18, 19, 20, 21, 22, 23, 24, 25, 26, 27, 28, 29, 30, 31, 32, 33, 34, 35, 36, 37, 38, 39, 40, 41, 42, 43, 44, 45, 46, 47, 48, 49, 50, 51, 52, 53, 54, 55, 56, 57, 58, 59, 60, 61, 62, 63, 64, 65, 66, 67, 68, 69, 70, 71, 72, 73, 74, 75, 76, 77, 78, 79, 80, 81, 82, 83, 84, 85, 86, 87, 88, 89, 90, 91, 92, 93, 94, 95, 96, 97, 98, 99, 100, 101, 102, 103, 104, 105, 106, 107, 108, 109]",ok,75.810492,172,11076,2480,0,,ok,1920.125855,141,8895,2480,1.219858,1.000000,0.039482
v09_t01_l00,9,110,100,20,/home/hoyt924.linux/qasmtrans/data/test_benchmark/routing_pressure_brisbane_depth100_fixed10/brisbane_topology_n110_v09.qasm,/home/hoyt924.linux/qasmtrans/data/devices/routing_pressure/ibm_brisbane_sub110.json,1,0.016129,0.016129,swap01_0001,"[0, 1, 2, 3, 4, 5, 6, 7, 8, 9, 10, 11, 12, 13, 14, 15, 16, 17, 18, 19, 20, 21, 22, 23, 24, 25, 26, 27, 28, 29, 30, 31, 32, 33, 34, 35, 36, 37, 38, 39, 40, 41, 42, 43, 44, 45, 46, 47, 48, 49, 50, 51, 52, 53, 54, 55, 56, 57, 58, 59, 60, 61, 62, 63, 64, 65, 66, 67, 68, 69, 70, 71, 72, 73, 74, 75, 76, 77, 78, 79, 80, 81, 82, 83, 84, 85, 86, 87, 88, 89, 90, 91, 92, 93, 94, 95, 96, 97, 98, 109, 100, 101, 102, 103, 104, 105, 106, 107, 108, 99]",ok,70.205102,329,11284,2519,13,,ok,1502.958533,169,8922,2489,1.946746,1.012053,0.046711
v09_t02_l00,9,110,100,20,/home/hoyt924.linux/qasmtrans/data/test_benchmark/routing_pressure_brisbane_depth100_fixed10/brisbane_topology_n110_v09.qasm,/home/hoyt924.linux/qasmtrans/data/devices/routing_pressure/ibm_brisbane_sub110.json,2,0.330645,0.330645,swap01_0101,"[0, 1, 2, 3, 4, 5, 53, 7, 8, 9, 10, 11, 12, 13, 14, 15, 16, 17, 18, 19, 20, 21, 22, 23, 24, 25, 26, 27, 28, 29, 30, 31, 32, 33, 34, 35, 36, 37, 38, 39, 40, 41, 42, 43, 44, 45, 46, 47, 48, 49, 50, 51, 52, 6, 54, 55, 56, 57, 58, 59, 60, 61, 62, 63, 64, 65, 66, 67, 68, 69, 70, 71, 72, 73, 74, 75, 76, 77, 78, 79, 80, 81, 82, 83, 84, 85, 86, 87, 88, 89, 90, 91, 92, 93, 94, 95, 96, 97, 98, 99, 100, 101, 102, 103, 104, 105, 106, 107, 108, 109]",ok,77.552662,1480,15819,3329,289,,ok,2125.826436,309,9281,2591,4.789644,1.284832,0.036481
v09_t03_l00,9,110,100,20,/home/hoyt924.linux/qasmtrans/data/test_benchmark/routing_pressure_brisbane_depth100_fixed10/brisbane_topology_n110_v09.qasm,/home/hoyt924.linux/qasmtrans/data/devices/routing_pressure/ibm_brisbane_sub110.json,3,0.532258,0.532258,swap01_0026,"[0, 1, 2, 3, 4, 5, 6, 7, 8, 9, 10, 11, 12, 13, 14, 15, 16, 17, 18, 19, 20, 21, 22, 23, 24, 107, 26, 27, 28, 29, 30, 31, 32, 33, 34, 35, 36, 37, 38, 39, 40, 41, 42, 43, 44, 45, 46, 47, 48, 49, 50, 51, 52, 53, 54, 55, 56, 57, 58, 59, 60, 61, 62, 63, 64, 65, 66, 67, 68, 69, 70, 71, 72, 73, 74, 75, 76, 77, 78, 79, 80, 81, 82, 83, 84, 85, 86, 87, 88, 89, 90, 91, 92, 93, 94, 95, 96, 97, 98, 99, 100, 101, 102, 103, 104, 105, 106, 25, 108, 109]",ok,114.880192,1670,16803,3524,350,,ok,1532.740916,366,9167,2559,4.562842,1.377100,0.074951
v09_t04_l00,9,110,100,20,/home/hoyt924.linux/qasmtrans/data/test_benchmark/routing_pressure_brisbane_depth100_fixed10/brisbane_topology_n110_v09.qasm,/home/hoyt924.linux/qasmtrans/data/devices/routing_pressure/ibm_brisbane_sub110.json,4,0.741935,0.741935,swap02_0234,"[0, 1, 2, 3, 4, 5, 6, 7, 8, 9, 10, 11, 12, 40, 14, 15, 16, 17, 18, 19, 20, 21, 22, 23, 53, 25, 26, 27, 28, 29, 30, 31, 32, 33, 34, 35, 36, 37, 38, 39, 13, 41, 42, 43, 44, 45, 46, 47, 48, 49, 50, 51, 52, 24, 54, 55, 56, 57, 58, 59, 60, 61, 62, 63, 64, 65, 66, 67, 68, 69, 70, 71, 72, 73, 74, 75, 76, 77, 78, 79, 80, 81, 82, 83, 84, 85, 86, 87, 88, 89, 90, 91, 92, 93, 94, 95, 96, 97, 98, 99, 100, 101, 102, 103, 104, 105, 106, 107, 108, 109]",ok,74.878760,409,12138,2682,68,,ok,1592.361508,440,9295,2592,0.929545,1.034722,0.047024
v09_t05_l00,9,110,100,20,/home/hoyt924.linux/qasmtrans/data/test_benchmark/routing_pressure_brisbane_depth100_fixed10/brisbane_topology_n110_v09.qasm,/home/hoyt924.linux/qasmtrans/data/devices/routing_pressure/ibm_brisbane_sub110.json,5,0.935484,0.935484,swap04_0617,"[0, 1, 2, 3, 4, 5, 6, 7, 8, 9, 10, 11, 44, 13, 14, 15, 16, 17, 18, 19, 20, 21, 22, 23, 24, 25, 26, 27, 28, 29, 53, 31, 32, 33, 34, 35, 36, 37, 38, 39, 40, 41, 42, 43, 12, 45, 46, 47, 48, 49, 50, 51, 52, 30, 54, 55, 56, 57, 58, 59, 60, 61, 62, 74, 64, 90, 66, 67, 68, 69, 70, 71, 72, 73, 63, 75, 76, 77, 78, 79, 80, 81, 82, 83, 84, 85, 86, 87, 88, 89, 65, 91, 92, 93, 94, 95, 96, 97, 98, 99, 100, 101, 102, 103, 104, 105, 106, 107, 108, 109]",ok,76.694125,1003,15347,3304,276,,ok,2357.421360,403,10157,2826,2.488834,1.169144,0.032533
v09_t06_l00,9,110,100,20,/home/hoyt924.linux/qasmtrans/data/test_benchmark/routing_pressure_brisbane_depth100_fixed10/brisbane_topology_n110_v09.qasm,/home/hoyt924.linux/qasmtrans/data/devices/routing_pressure/ibm_brisbane_sub110.json,6,0.943548,0.943548,swap02_0224,"[0, 1, 2, 3, 4, 5, 6, 7, 8, 9, 10, 11, 12, 13, 14, 15, 16, 17, 18, 19, 20, 21, 22, 23, 24, 63, 26, 27, 28, 29, 30, 31, 32, 33, 73, 35, 36, 37, 38, 39, 40, 41, 42, 43, 44, 45, 46, 47, 48, 49, 50, 51, 52, 53, 54, 55, 56, 57, 58, 59, 60, 61, 62, 25, 64, 65, 66, 67, 68, 69, 70, 71, 72, 34, 74, 75, 76, 77, 78, 79, 80, 81, 82, 83, 84, 85, 86, 87, 88, 89, 90, 91, 92, 93, 94, 95, 96, 97, 98, 99, 100, 101, 102, 103, 104, 105, 106, 107, 108, 109]",ok,72.389335,1080,13993,2980,170,,ok,1563.422922,435,9340,2612,2.482759,1.140888,0.046302
v09_t07_l00,9,110,100,20,/home/hoyt924.linux/qasmtrans/data/test_benchmark/routing_pressure_brisbane_depth100_fixed10/brisbane_topology_n110_v09.qasm,/home/hoyt924.linux/qasmtrans/data/devices/routing_pressure/ibm_brisbane_sub110.json,7,1.129032,1.129032,swap06_0741,"[0, 1, 2, 3, 4, 5, 6, 7, 8, 9, 10, 11, 12, 79, 14, 15, 16, 17, 18, 19, 20, 21, 22, 23, 24, 25, 31, 27, 28, 29, 30, 26, 32, 33, 34, 35, 36, 37, 38, 39, 40, 41, 42, 43, 44, 45, 46, 47, 48, 49, 95, 51, 52, 53, 54, 55, 56, 57, 58, 93, 60, 61, 75, 63, 64, 65, 66, 67, 68, 69, 70, 71, 72, 73, 74, 62, 76, 77, 78, 13, 80, 81, 82, 83, 84, 85, 86, 87, 88, 89, 90, 91, 92, 59, 109, 50, 96, 97, 98, 99, 100, 101, 102, 103, 104, 105, 106, 107, 108, 94]",ok,71.944735,928,13231,2892,138,,ok,1681.178575,374,9541,2660,2.481283,1.087218,0.042794
v09_t08_l00,9,110,100,20,/home/hoyt924.linux/qasmtrans/data/test_benchmark/routing_pressure_brisbane_depth100_fixed10/brisbane_topology_n110_v09.qasm,/home/hoyt924.linux/qasmtrans/data/devices/routing_pressure/ibm_brisbane_sub110.json,8,1.370968,1.370968,swap06_0744,"[0, 1, 52, 3, 4, 5, 6, 7, 8, 9, 10, 11, 12, 13, 14, 15, 16, 17, 18, 19, 20, 21, 22, 23, 24, 25, 57, 79, 28, 29, 30, 31, 32, 33, 34, 35, 36, 37, 27, 39, 84, 41, 42, 43, 44, 45, 46, 47, 48, 49, 50, 51, 2, 53, 54, 40, 56, 26, 58, 59, 60, 61, 62, 63, 64, 65, 66, 67, 68, 69, 70, 71, 72, 73, 74, 75, 76, 77, 78, 38, 80, 81, 82, 83, 55, 85, 86, 87, 88, 89, 90, 91, 92, 93, 94, 95, 96, 97, 98, 99, 100, 101, 102, 103, 104, 105, 106, 107, 108, 109]",ok,121.915228,2468,28655,5681,1087,,ok,4061.316953,1248,16200,3941,1.977564,1.441512,0.030019
v09_t09_l00,9,110,100,20,/home/hoyt924.linux/qasmtrans/data/test_benchmark/routing_pressure_brisbane_depth100_fixed10/brisbane_topology_n110_v09.qasm,/home/hoyt924.linux/qasmtrans/data/devices/routing_pressure/ibm_brisbane_sub110.json,9,1.661290,1.661290,swap06_0730,"[0, 1, 2, 3, 4, 5, 6, 99, 8, 9, 10, 11, 12, 42, 14, 15, 16, 17, 18, 19, 20, 21, 22, 23, 24, 25, 26, 35, 28, 29, 30, 31, 32, 33, 34, 27, 36, 68, 59, 39, 40, 41, 13, 43, 44, 45, 46, 47, 48, 49, 50, 51, 52, 53, 54, 55, 56, 57, 58, 38, 60, 61, 62, 63, 64, 65, 66, 67, 37, 69, 70, 71, 72, 73, 79, 75, 76, 77, 78, 74, 80, 81, 82, 83, 84, 85, 86, 87, 88, 89, 90, 91, 92, 93, 94, 95, 96, 97, 98, 7, 100, 101, 102, 103, 104, 105, 106, 107, 108, 109]",ok,193.364779,3984,46177,9034,2200,,ok,3976.702617,1496,16228,4055,2.663102,2.227867,0.048624
