case_id,circuit_variant,num_qubits,input_depth,reps,circuit_file,device_file,pressure_bucket,routing_pressure,layout_tag,initial_layout,qasmtrans_status,qasmtrans_time_ms,qasmtrans_depth,qasmtrans_1q,qasmtrans_2q,qasmtrans_swap_count,qasmtrans_error,qiskit_status,qiskit_time_ms,qiskit_depth,qiskit_1q,qiskit_2q,depth_ratio_qt_over_qk,twoq_ratio_qt_over_qk,time_ratio_qt_over_qk
v00_b0_s00,0,110,100,20,/home/hoyt924.linux/qasmtrans/data/test_benchmark/routing_pressure_brisbane_depth100/brisbane_topology_n110_v00.qasm,/home/hoyt924.linux/qasmtrans/data/devices/routing_pressure/ibm_brisbane_sub110.json,0,0.000000,identity,"[0, 1, 2, 3, 4, 5, 6, 7, 8, 9, 10, 11, 12, 13, 14, 15, 16, 17, 18, 19, 20, 21, 22, 23, 24, 25, 26, 27, 28, 29, 30, 31, 32, 33, 34, 35, 36, 37, 38, 39, 40, 41, 42, 43, 44, 45, 46, 47, 48, 49, 50, 51, 52, 53, 54, 55, 56, 57, 58, 59, 60, 61, 62, 63, 64, 65, 66, 67, 68, 69, 70, 71, 72, 73, 74, 75, 76, 77, 78, 79, 80, 81, 82, 83, 84, 85, 86, 87, 88, 89, 90, 91, 92, 93, 94, 95, 96, 97, 98, 99, 100, 101, 102, 103, 104, 105, 106, 107, 108, 109]",ok,76.162181,176,11073,2480,0,,ok,2055.096394,141,8896,2480,1.248227,1.000000,0.037060
v00_b1_s01,0,110,100,20,/home/hoyt924.linux/qasmtrans/data/test_benchmark/routing_pressure_brisbane_depth100/brisbane_topology_n110_v00.qasm,/home/hoyt924.linux/qasmtrans/data/devices/routing_pressure/ibm_brisbane_sub110.json,1,0.016129,swap01_0001,"[0, 1, 2, 3, 4, 5, 6, 7, 8, 9, 10, 11, 12, 13, 14, 15, 16, 17, 18, 19, 20, 21, 22, 23, 24, 25, 26, 27, 28, 29, 30, 31, 32, 33, 34, 35, 36, 37, 38, 39, 40, 41, 42, 43, 44, 45, 46, 47, 48, 49, 50, 51, 52, 53, 54, 55, 56, 57, 58, 59, 60, 61, 62, 63, 64, 65, 66, 67, 68, 69, 70, 71, 72, 73, 74, 75, 76, 77, 78, 79, 80, 81, 82, 83, 84, 85, 86, 87, 88, 89, 90, 91, 92, 93, 94, 95, 96, 97, 98, 109, 100, 101, 102, 103, 104, 105, 106, 107, 108, 99]",ok,74.569553,657,11714,2609,43,,ok,1472.632784,169,8927,2489,3.887574,1.048212,0.050637
v00_b1_s02,0,110,100,20,/home/hoyt924.linux/qasmtrans/data/test_benchmark/routing_pressure_brisbane_depth100/brisbane_topology_n110_v00.qasm,/home/hoyt924.linux/qasmtrans/data/devices/routing_pressure/ibm_brisbane_sub110.json,1,0.330645,swap01_0101,"[0, 1, 2, 3, 4, 5, 53, 7, 8, 9, 10, 11, 12, 13, 14, 15, 16, 17, 18, 19, 20, 21, 22, 23, 24, 25, 26, 27, 28, 29, 30, 31, 32, 33, 34, 35, 36, 37, 38, 39, 40, 41, 42, 43, 44, 45, 46, 47, 48, 49, 50, 51, 52, 6, 54, 55, 56, 57, 58, 59, 60, 61, 62, 63, 64, 65, 66, 67, 68, 69, 70, 71, 72, 73, 74, 75, 76, 77, 78, 79, 80, 81, 82, 83, 84, 85, 86, 87, 88, 89, 90, 91, 92, 93, 94, 95, 96, 97, 98, 99, 100, 101, 102, 103, 104, 105, 106, 107, 108, 109]",ok,84.786989,1245,16375,3396,306,,ok,1556.218687,281,9094,2531,4.430605,1.341762,0.054483
v00_b1_s03,0,110,100,20,/home/hoyt924.linux/qasmtrans/data/test_benchmark/routing_pressure_brisbane_depth100/brisbane_topology_n110_v00.qasm,/home/hoyt924.linux/qasmtrans/data/devices/routing_pressure/ibm_brisbane_sub110.json,1,0.532258,swap01_0026,"[0, 1, 2, 3, 4, 5, 6, 7, 8, 9, 10, 11, 12, 13, 14, 15, 16, 17, 18, 19, 20, 21, 22, 23, 24, 107, 26, 27, 28, 29, 30, 31, 32, 33, 34, 35, 36, 37, 38, 39, 40, 41, 42, 43, 44, 45, 46, 47, 48, 49, 50, 51, 52, 53, 54, 55, 56, 57, 58, 59, 60, 61, 62, 63, 64, 65, 66, 67, 68, 69, 70, 71, 72, 73, 74, 75, 76, 77, 78, 79, 80, 81, 82, 83, 84, 85, 86, 87, 88, 89, 90, 91, 92, 93, 94, 95, 96, 97, 98, 99, 100, 101, 102, 103, 104, 105, 106, 25, 108, 109]",ok,99.056890,455,11486,2559,27,,ok,1559.822151,364,9202,2565,1.250000,0.997661,0.063505
v00_b2_s04,0,110,100,20,/home/hoyt924.linux/qasmtrans/data/test_benchmark/routing_pressure_brisbane_depth100/brisbane_topology_n110_v00.qasm,/home/hoyt924.linux/qasmtrans/data/devices/routing_pressure/ibm_brisbane_sub110.json,2,0.532258,swap01_0052,"[0, 1, 2, 3, 4, 5, 6, 7, 8, 9, 10, 11, 12, 13, 14, 15, 16, 17, 18, 19, 20, 21, 22, 23, 24, 25, 26, 27, 28, 29, 30, 31, 32, 33, 86, 35, 36, 37, 38, 39, 40, 41, 42, 43, 44, 45, 46, 47, 48, 49, 50, 51, 52, 53, 54, 55, 56, 57, 58, 59, 60, 61, 62, 63, 64, 65, 66, 67, 68, 69, 70, 71, 72, 73, 74, 75, 76, 77, 78, 79, 80, 81, 82, 83, 84, 85, 34, 87, 88, 89, 90, 91, 92, 93, 94, 95, 96, 97, 98, 99, 100, 101, 102, 103, 104, 105, 106, 107, 108, 109]",ok,116.429172,605,12181,2675,65,,ok,1969.013609,786,10901,2832,0.769720,0.944562,0.059131
v00_b2_s05,0,110,100,20,/home/hoyt924.linux/qasmtrans/data/test_benchmark/routing_pressure_brisbane_depth100/brisbane_topology_n110_v00.qasm,/home/hoyt924.linux/qasmtrans/data/devices/routing_pressure/ibm_brisbane_sub110.json,2,0.741935,swap02_0234,"[0, 1, 2, 3, 4, 5, 6, 7, 8, 9, 10, 11, 12, 40, 14, 15, 16, 17, 18, 19, 20, 21, 22, 23, 53, 25, 26, 27, 28, 29, 30, 31, 32, 33, 34, 35, 36, 37, 38, 39, 13, 41, 42, 43, 44, 45, 46, 47, 48, 49, 50, 51, 52, 24, 54, 55, 56, 57, 58, 59, 60, 61, 62, 63, 64, 65, 66, 67, 68, 69, 70, 71, 72, 73, 74, 75, 76, 77, 78, 79, 80, 81, 82, 83, 84, 85, 86, 87, 88, 89, 90, 91, 92, 93, 94, 95, 96, 97, 98, 99, 100, 101, 102, 103, 104, 105, 106, 107, 108, 109]",ok,71.651339,681,12337,2726,84,,ok,1614.060499,302,9286,2590,2.254967,1.052510,0.044392
v00_b2_s06,0,110,100,20,/home/hoyt924.linux/qasmtrans/data/test_benchmark/routing_pressure_brisbane_depth100/brisbane_topology_n110_v00.qasm,/home/hoyt924.linux/qasmtrans/data/devices/routing_pressure/ibm_brisbane_sub110.json,2,0.935484,swap04_0617,"[0, 1, 2, 3, 4, 5, 6, 7, 8, 9, 10, 11, 44, 13, 14, 15, 16, 17, 18, 19, 20, 21, 22, 23, 24, 25, 26, 27, 28, 29, 53, 31, 32, 33, 34, 35, 36, 37, 38, 39, 40, 41, 42, 43, 12, 45, 46, 47, 48, 49, 50, 51, 52, 30, 54, 55, 56, 57, 58, 59, 60, 61, 62, 74, 64, 90, 66, 67, 68, 69, 70, 71, 72, 73, 63, 75, 76, 77, 78, 79, 80, 81, 82, 83, 84, 85, 86, 87, 88, 89, 65, 91, 92, 93, 94, 95, 96, 97, 98, 99, 100, 101, 102, 103, 104, 105, 106, 107, 108, 109]",ok,98.224680,1126,16267,3401,309,,ok,1704.174164,335,10023,2810,3.361194,1.210320,0.057638
v00_b3_s07,0,110,100,20,/home/hoyt924.linux/qasmtrans/data/test_benchmark/routing_pressure_brisbane_depth100/brisbane_topology_n110_v00.qasm,/home/hoyt924.linux/qasmtrans/data/devices/routing_pressure/ibm_brisbane_sub110.json,3,0.943548,swap02_0224,"[0, 1, 2, 3, 4, 5, 6, 7, 8, 9, 10, 11, 12, 13, 14, 15, 16, 17, 18, 19, 20, 21, 22, 23, 24, 63, 26, 27, 28, 29, 30, 31, 32, 33, 73, 35, 36, 37, 38, 39, 40, 41, 42, 43, 44, 45, 46, 47, 48, 49, 50, 51, 52, 53, 54, 55, 56, 57, 58, 59, 60, 61, 62, 25, 64, 65, 66, 67, 68, 69, 70, 71, 72, 34, 74, 75, 76, 77, 78, 79, 80, 81, 82, 83, 84, 85, 86, 87, 88, 89, 90, 91, 92, 93, 94, 95, 96, 97, 98, 99, 100, 101, 102, 103, 104, 105, 106, 107, 108, 109]",ok,92.576670,2817,23836,4830,788,,ok,1603.742729,507,9390,2608,5.556213,1.851994,0.057725
v00_b3_s08,0,110,100,20,/home/hoyt924.linux/qasmtrans/data/test_benchmark/routing_pressure_brisbane_depth100/brisbane_topology_n110_v00.qasm,/home/hoyt924.linux/qasmtrans/data/devices/routing_pressure/ibm_brisbane_sub110.json,3,1.129032,swap06_0741,"[0, 1, 2, 3, 4, 5, 6, 7, 8, 9, 10, 11, 12, 79, 14, 15, 16, 17, 18, 19, 20, 21, 22, 23, 24, 25, 31, 27, 28, 29, 30, 26, 32, 33, 34, 35, 36, 37, 38, 39, 40, 41, 42, 43, 44, 45, 46, 47, 48, 49, 95, 51, 52, 53, 54, 55, 56, 57, 58, 93, 60, 61, 75, 63, 64, 65, 66, 67, 68, 69, 70, 71, 72, 73, 74, 62, 76, 77, 78, 13, 80, 81, 82, 83, 84, 85, 86, 87, 88, 89, 90, 91, 92, 59, 109, 50, 96, 97, 98, 99, 100, 101, 102, 103, 104, 105, 106, 107, 108, 94]",ok,123.484726,1508,16972,3563,367,,ok,1547.624460,312,9512,2656,4.833333,1.341491,0.079790
v00_b3_s09,0,110,100,20,/home/hoyt924.linux/qasmtrans/data/test_benchmark/routing_pressure_brisbane_depth100/brisbane_topology_n110_v00.qasm,/home/hoyt924.linux/qasmtrans/data/devices/routing_pressure/ibm_brisbane_sub110.json,3,1.370968,swap06_0744,"[0, 1, 52, 3, 4, 5, 6, 7, 8, 9, 10, 11, 12, 13, 14, 15, 16, 17, 18, 19, 20, 21, 22, 23, 24, 25, 57, 79, 28, 29, 30, 31, 32, 33, 34, 35, 36, 37, 27, 39, 84, 41, 42, 43, 44, 45, 46, 47, 48, 49, 50, 51, 2, 53, 54, 40, 56, 26, 58, 59, 60, 61, 62, 63, 64, 65, 66, 67, 68, 69, 70, 71, 72, 73, 74, 75, 76, 77, 78, 38, 80, 81, 82, 83, 55, 85, 86, 87, 88, 89, 90, 91, 92, 93, 94, 95, 96, 97, 98, 99, 100, 101, 102, 103, 104, 105, 106, 107, 108, 109]",ok,155.035742,2299,29380,5762,1124,,ok,2993.840816,1191,12780,3274,1.930311,1.759927,0.051785
v00_b4_s10,0,110,100,20,/home/hoyt924.linux/qasmtrans/data/test_benchmark/routing_pressure_brisbane_depth100/brisbane_topology_n110_v00.qasm,/home/hoyt924.linux/qasmtrans/data/devices/routing_pressure/ibm_brisbane_sub110.json,4,1.379032,swap04_0508,"[0, 1, 2, 3, 4, 5, 100, 7, 8, 9, 10, 11, 12, 13, 14, 15, 16, 17, 18, 19, 20, 21, 22, 23, 24, 25, 26, 53, 28, 29, 30, 31, 32, 33, 34, 35, 36, 37, 38, 39, 40, 41, 42, 43, 44, 45, 46, 47, 48, 49, 50, 51, 52, 107, 54, 55, 56, 57, 58, 59, 60, 61, 62, 63, 64, 65, 66, 67, 68, 69, 70, 71, 72, 73, 74, 75, 76, 77, 78, 79, 80, 81, 82, 83, 84, 85, 86, 87, 88, 89, 90, 91, 92, 93, 94, 95, 96, 97, 98, 99, 6, 101, 102, 103, 104, 105, 106, 27, 108, 109]",ok,208.689715,4912,45924,8973,2195,,ok,4250.527990,1135,17252,3974,4.327753,2.257927,0.049097
v00_b4_s11,0,110,100,20,/home/hoyt924.linux/qasmtrans/data/test_benchmark/routing_pressure_brisbane_depth100/brisbane_topology_n110_v00.qasm,/home/hoyt924.linux/qasmtrans/data/devices/routing_pressure/ibm_brisbane_sub110.json,4,1.661290,swap06_0730,"[0, 1, 2, 3, 4, 5, 6, 99, 8, 9, 10, 11, 12, 42, 14, 15, 16, 17, 18, 19, 20, 21, 22, 23, 24, 25, 26, 35, 28, 29, 30, 31, 32, 33, 34, 27, 36, 68, 59, 39, 40, 41, 13, 43, 44, 45, 46, 47, 48, 49, 50, 51, 52, 53, 54, 55, 56, 57, 58, 38, 60, 61, 62, 63, 64, 65, 66, 67, 37, 69, 70, 71, 72, 73, 79, 75, 76, 77, 78, 74, 80, 81, 82, 83, 84, 85, 86, 87, 88, 89, 90, 91, 92, 93, 94, 95, 96, 97, 98, 7, 100, 101, 102, 103, 104, 105, 106, 107, 108, 109]",ok,186.679509,3559,40434,7839,1811,,ok,2831.264765,903,12018,3127,3.941307,2.506876,0.065935
v00_b4_s12,0,110,100,20,/home/hoyt924.linux/qasmtrans/data/test_benchmark/routing_pressure_brisbane_depth100/brisbane_topology_n110_v00.qasm,/home/hoyt924.linux/qasmtrans/data/devices/routing_pressure/ibm_brisbane_sub110.json,4,2.000000,swap08_0917,"[0, 1, 2, 3, 4, 5, 6, 7, 8, 9, 10, 11, 12, 13, 14, 15, 16, 17, 18, 19, 20, 21, 22, 23, 24, 25, 26, 27, 28, 78, 30, 31, 32, 33, 34, 35, 36, 37, 38, 39, 40, 41, 42, 43, 44, 45, 46, 47, 48, 49, 50, 51, 52, 53, 54, 94, 56, 57, 58, 59, 60, 61, 77, 63, 64, 65, 66, 67, 68, 69, 86, 71, 72, 73, 74, 96, 76, 62, 29, 79, 80, 107, 82, 83, 84, 85, 70, 87, 88, 89, 90, 109, 92, 93, 55, 95, 75, 97, 100, 99, 98, 101, 102, 103, 104, 105, 106, 81, 108, 91]",error,,,,,,"Traceback (most recent call last):
  File ""/home/hoyt924.linux/qasmtrans/test/benchmarking/run_brisbane_pressure_bench.py"", line 305, in <module>
    main()
  File ""/home/hoyt924.linux/qasmtrans/test/benchmarking/run_brisbane_pressure_bench.py"", line 211, in main
    result = run_qasmtrans_case_inner(
  File ""/home/hoyt924.linux/qasmtrans/test/benchmarking/run_brisbane_pressure_bench.py"", line 75, in run_qasmtrans_case_inner
    res = qasmtrans.transpile_qasm(str(qasm_path), opts)
MemoryError: std::bad_alloc",ok,4538.545373,1561,18513,4490,,,
v01_b0_s00,1,110,100,20,/home/hoyt924.linux/qasmtrans/data/test_benchmark/routing_pressure_brisbane_depth100/brisbane_topology_n110_v01.qasm,/home/hoyt924.linux/qasmtrans/data/devices/routing_pressure/ibm_brisbane_sub110.json,0,0.000000,identity,"[0, 1, 2, 3, 4, 5, 6, 7, 8, 9, 10, 11, 12, 13, 14, 15, 16, 17, 18, 19, 20, 21, 22, 23, 24, 25, 26, 27, 28, 29, 30, 31, 32, 33, 34, 35, 36, 37, 38, 39, 40, 41, 42, 43, 44, 45, 46, 47, 48, 49, 50, 51, 52, 53, 54, 55, 56, 57, 58, 59, 60, 61, 62, 63, 64, 65, 66, 67, 68, 69, 70, 71, 72, 73, 74, 75, 76, 77, 78, 79, 80, 81, 82, 83, 84, 85, 86, 87, 88, 89, 90, 91, 92, 93, 94, 95, 96, 97, 98, 99, 100, 101, 102, 103, 104, 105, 106, 107, 108, 109]",ok,82.679567,175,11074,2480,0,,ok,2202.026876,150,8899,2480,1.166667,1.000000,0.037547
v01_b1_s01,1,110,100,20,/home/hoyt924.linux/qasmtrans/data/test_benchmark/routing_pressure_brisbane_depth100/brisbane_topology_n110_v01.qasm,/home/hoyt924.linux/qasmtrans/data/devices/routing_pressure/ibm_brisbane_sub110.json,1,0.016129,swap01_0001,"[0, 1, 2, 3, 4, 5, 6, 7, 8, 9, 10, 11, 12, 13, 14, 15, 16, 17, 18, 19, 20, 21, 22, 23, 24, 25, 26, 27, 28, 29, 30, 31, 32, 33, 34, 35, 36, 37, 38, 39, 40, 41, 42, 43, 44, 45, 46, 47, 48, 49, 50, 51, 52, 53, 54, 55, 56, 57, 58, 59, 60, 61, 62, 63, 64, 65, 66, 67, 68, 69, 70, 71, 72, 73, 74, 75, 76, 77, 78, 79, 80, 81, 82, 83, 84, 85, 86, 87, 88, 89, 90, 91, 92, 93, 94, 95, 96, 97, 98, 109, 100, 101, 102, 103, 104, 105, 106, 107, 108, 99]",ok,71.587255,204,11122,2489,3,,ok,1612.616971,171,8924,2489,1.192982,1.000000,0.044392
v01_b1_s02,1,110,100,20,/home/hoyt924.linux/qasmtrans/data/test_benchmark/routing_pressure_brisbane_depth100/brisbane_topology_n110_v01.qasm,/home/hoyt924.linux/qasmtrans/data/devices/routing_pressure/ibm_brisbane_sub110.json,1,0.330645,swap01_0101,"[0, 1, 2, 3, 4, 5, 53, 7, 8, 9, 10, 11, 12, 13, 14, 15, 16, 17, 18, 19, 20, 21, 22, 23, 24, 25, 26, 27, 28, 29, 30, 31, 32, 33, 34, 35, 36, 37, 38, 39, 40, 41, 42, 43, 44, 45, 46, 47, 48, 49, 50, 51, 52, 6, 54, 55, 56, 57, 58, 59, 60, 61, 62, 63, 64, 65, 66, 67, 68, 69, 70, 71, 72, 73, 74, 75, 76, 77, 78, 79, 80, 81, 82, 83, 84, 85, 86, 87, 88, 89, 90, 91, 92, 93, 94, 95, 96, 97, 98, 99, 100, 101, 102, 103, 104, 105, 106, 107, 108, 109]",ok,70.204211,570,11852,2627,49,,ok,1573.830608,286,9097,2531,1.993007,1.037930,0.044607
v01_b1_s03,1,110,100,20,/home/hoyt924.linux/qasmtrans/data/test_benchmark/routing_pressure_brisbane_depth100/brisbane_topology_n110_v01.qasm,/home/hoyt924.linux/qasmtrans/data/devices/routing_pressure/ibm_brisbane_sub110.json,1,0.532258,swap01_0026,"[0, 1, 2, 3, 4, 5, 6, 7, 8, 9, 10, 11, 12, 13, 14, 15, 16, 17, 18, 19, 20, 21, 22, 23, 24, 107, 26, 27, 28, 29, 30, 31, 32, 33, 34, 35, 36, 37, 38, 39, 40, 41, 42, 43, 44, 45, 46, 47, 48, 49, 50, 51, 52, 53, 54, 55, 56, 57, 58, 59, 60, 61, 62, 63, 64, 65, 66, 67, 68, 69, 70, 71, 72, 73, 74, 75, 76, 77, 78, 79, 80, 81, 82, 83, 84, 85, 86, 87, 88, 89, 90, 91, 92, 93, 94, 95, 96, 97, 98, 99, 100, 101, 102, 103, 104, 105, 106, 25, 108, 109]",ok,87.442200,597,12018,2657,59,,ok,1603.157453,369,9204,2565,1.617886,1.035867,0.054544
v01_b2_s04,1,110,100,20,/home/hoyt924.linux/qasmtrans/data/test_benchmark/routing_pressure_brisbane_depth100/brisbane_topology_n110_v01.qasm,/home/hoyt924.linux/qasmtrans/data/devices/routing_pressure/ibm_brisbane_sub110.json,2,0.532258,swap01_0052,"[0, 1, 2, 3, 4, 5, 6, 7, 8, 9, 10, 11, 12, 13, 14, 15, 16, 17, 18, 19, 20, 21, 22, 23, 24, 25, 26, 27, 28, 29, 30, 31, 32, 33, 86, 35, 36, 37, 38, 39, 40, 41, 42, 43, 44, 45, 46, 47, 48, 49, 50, 51, 52, 53, 54, 55, 56, 57, 58, 59, 60, 61, 62, 63, 64, 65, 66, 67, 68, 69, 70, 71, 72, 73, 74, 75, 76, 77, 78, 79, 80, 81, 82, 83, 84, 85, 34, 87, 88, 89, 90, 91, 92, 93, 94, 95, 96, 97, 98, 99, 100, 101, 102, 103, 104, 105, 106, 107, 108, 109]",ok,75.949429,1215,14193,2998,174,,ok,1924.765079,697,10811,2822,1.743185,1.062367,0.039459
v01_b2_s05,1,110,100,20,/home/hoyt924.linux/qasmtrans/data/test_benchmark/routing_pressure_brisbane_depth100/brisbane_topology_n110_v01.qasm,/home/hoyt924.linux/qasmtrans/data/devices/routing_pressure/ibm_brisbane_sub110.json,2,0.741935,swap02_0234,"[0, 1, 2, 3, 4, 5, 6, 7, 8, 9, 10, 11, 12, 40, 14, 15, 16, 17, 18, 19, 20, 21, 22, 23, 53, 25, 26, 27, 28, 29, 30, 31, 32, 33, 34, 35, 36, 37, 38, 39, 13, 41, 42, 43, 44, 45, 46, 47, 48, 49, 50, 51, 52, 24, 54, 55, 56, 57, 58, 59, 60, 61, 62, 63, 64, 65, 66, 67, 68, 69, 70, 71, 72, 73, 74, 75, 76, 77, 78, 79, 80, 81, 82, 83, 84, 85, 86, 87, 88, 89, 90, 91, 92, 93, 94, 95, 96, 97, 98, 99, 100, 101, 102, 103, 104, 105, 106, 107, 108, 109]",ok,75.341720,831,12499,2754,92,,ok,1546.489808,301,9282,2590,2.760797,1.063320,0.048718
v01_b2_s06,1,110,100,20,/home/hoyt924.linux/qasmtrans/data/test_benchmark/routing_pressure_brisbane_depth100/brisbane_topology_n110_v01.qasm,/home/hoyt924.linux/qasmtrans/data/devices/routing_pressure/ibm_brisbane_sub110.json,2,0.935484,swap04_0617,"[0, 1, 2, 3, 4, 5, 6, 7, 8, 9, 10, 11, 44, 13, 14, 15, 16, 17, 18, 19, 20, 21, 22, 23, 24, 25, 26, 27, 28, 29, 53, 31, 32, 33, 34, 35, 36, 37, 38, 39, 40, 41, 42, 43, 12, 45, 46, 47, 48, 49, 50, 51, 52, 30, 54, 55, 56, 57, 58, 59, 60, 61, 62, 74, 64, 90, 66, 67, 68, 69, 70, 71, 72, 73, 63, 75, 76, 77, 78, 79, 80, 81, 82, 83, 84, 85, 86, 87, 88, 89, 65, 91, 92, 93, 94, 95, 96, 97, 98, 99, 100, 101, 102, 103, 104, 105, 106, 107, 108, 109]",ok,69.838419,712,15032,3206,244,,ok,1662.034809,331,9741,2726,2.151057,1.176082,0.042020
v01_b3_s07,1,110,100,20,/home/hoyt924.linux/qasmtrans/data/test_benchmark/routing_pressure_brisbane_depth100/brisbane_topology_n110_v01.qasm,/home/hoyt924.linux/qasmtrans/data/devices/routing_pressure/ibm_brisbane_sub110.json,3,0.943548,swap02_0224,"[0, 1, 2, 3, 4, 5, 6, 7, 8, 9, 10, 11, 12, 13, 14, 15, 16, 17, 18, 19, 20, 21, 22, 23, 24, 63, 26, 27, 28, 29, 30, 31, 32, 33, 73, 35, 36, 37, 38, 39, 40, 41, 42, 43, 44, 45, 46, 47, 48, 49, 50, 51, 52, 53, 54, 55, 56, 57, 58, 59, 60, 61, 62, 25, 64, 65, 66, 67, 68, 69, 70, 71, 72, 34, 74, 75, 76, 77, 78, 79, 80, 81, 82, 83, 84, 85, 86, 87, 88, 89, 90, 91, 92, 93, 94, 95, 96, 97, 98, 99, 100, 101, 102, 103, 104, 105, 106, 107, 108, 109]",ok,122.581931,3097,25846,5129,893,,ok,1613.237803,410,9405,2618,7.553659,1.959129,0.075985
v01_b3_s08,1,110,100,20,/home/hoyt924.linux/qasmtrans/data/test_benchmark/routing_pressure_brisbane_depth100/brisbane_topology_n110_v01.qasm,/home/hoyt924.linux/qasmtrans/data/devices/routing_pressure/ibm_brisbane_sub110.json,3,1.129032,swap06_0741,"[0, 1, 2, 3, 4, 5, 6, 7, 8, 9, 10, 11, 12, 79, 14, 15, 16, 17, 18, 19, 20, 21, 22, 23, 24, 25, 31, 27, 28, 29, 30, 26, 32, 33, 34, 35, 36, 37, 38, 39, 40, 41, 42, 43, 44, 45, 46, 47, 48, 49, 95, 51, 52, 53, 54, 55, 56, 57, 58, 93, 60, 61, 75, 63, 64, 65, 66, 67, 68, 69, 70, 71, 72, 73, 74, 62, 76, 77, 78, 13, 80, 81, 82, 83, 84, 85, 86, 87, 88, 89, 90, 91, 92, 59, 109, 50, 96, 97, 98, 99, 100, 101, 102, 103, 104, 105, 106, 107, 108, 94]",ok,64.580325,478,12720,2802,110,,ok,2132.035244,387,9536,2662,1.235142,1.052592,0.030290
v01_b3_s09,1,110,100,20,/home/hoyt924.linux/qasmtrans/data/test_benchmark/routing_pressure_brisbane_depth100/brisbane_topology_n110_v01.qasm,/home/hoyt924.linux/qasmtrans/data/devices/routing_pressure/ibm_brisbane_sub110.json,3,1.370968,swap06_0744,"[0, 1, 52, 3, 4, 5, 6, 7, 8, 9, 10, 11, 12, 13, 14, 15, 16, 17, 18, 19, 20, 21, 22, 23, 24, 25, 57, 79, 28, 29, 30, 31, 32, 33, 34, 35, 36, 37, 27, 39, 84, 41, 42, 43, 44, 45, 46, 47, 48, 49, 50, 51, 2, 53, 54, 40, 56, 26, 58, 59, 60, 61, 62, 63, 64, 65, 66, 67, 68, 69, 70, 71, 72, 73, 74, 75, 76, 77, 78, 38, 80, 81, 82, 83, 55, 85, 86, 87, 88, 89, 90, 91, 92, 93, 94, 95, 96, 97, 98, 99, 100, 101, 102, 103, 104, 105, 106, 107, 108, 109]",ok,117.411046,2586,29545,5795,1127,,ok,2305.724184,474,10116,2812,5.455696,2.060811,0.050922
v01_b4_s10,1,110,100,20,/home/hoyt924.linux/qasmtrans/data/test_benchmark/routing_pressure_brisbane_depth100/brisbane_topology_n110_v01.qasm,/home/hoyt924.linux/qasmtrans/data/devices/routing_pressure/ibm_brisbane_sub110.json,4,1.379032,swap04_0508,"[0, 1, 2, 3, 4, 5, 100, 7, 8, 9, 10, 11, 12, 13, 14, 15, 16, 17, 18, 19, 20, 21, 22, 23, 24, 25, 26, 53, 28, 29, 30, 31, 32, 33, 34, 35, 36, 37, 38, 39, 40, 41, 42, 43, 44, 45, 46, 47, 48, 49, 50, 51, 52, 107, 54, 55, 56, 57, 58, 59, 60, 61, 62, 63, 64, 65, 66, 67, 68, 69, 70, 71, 72, 73, 74, 75, 76, 77, 78, 79, 80, 81, 82, 83, 84, 85, 86, 87, 88, 89, 90, 91, 92, 93, 94, 95, 96, 97, 98, 99, 6, 101, 102, 103, 104, 105, 106, 27, 108, 109]",ok,89.495412,2315,23323,4709,751,,ok,4013.533241,1045,16212,3854,2.215311,1.221847,0.022298
v01_b4_s11,1,110,100,20,/home/hoyt924.linux/qasmtrans/data/test_benchmark/routing_pressure_brisbane_depth100/brisbane_topology_n110_v01.qasm,/home/hoyt924.linux/qasmtrans/data/devices/routing_pressure/ibm_brisbane_sub110.json,4,1.661290,swap06_0730,"[0, 1, 2, 3, 4, 5, 6, 99, 8, 9, 10, 11, 12, 42, 14, 15, 16, 17, 18, 19, 20, 21, 22, 23, 24, 25, 26, 35, 28, 29, 30, 31, 32, 33, 34, 27, 36, 68, 59, 39, 40, 41, 13, 43, 44, 45, 46, 47, 48, 49, 50, 51, 52, 53, 54, 55, 56, 57, 58, 38, 60, 61, 62, 63, 64, 65, 66, 67, 37, 69, 70, 71, 72, 73, 79, 75, 76, 77, 78, 74, 80, 81, 82, 83, 84, 85, 86, 87, 88, 89, 90, 91, 92, 93, 94, 95, 96, 97, 98, 7, 100, 101, 102, 103, 104, 105, 106, 107, 108, 109]",ok,107.085236,3479,30211,6008,1186,,ok,3113.947898,1135,12705,3290,3.065198,1.826140,0.034389
v01_b4_s12,1,110,100,20,/home/hoyt924.linux/qasmtrans/data/test_benchmark/routing_pressure_brisbane_depth100/brisbane_topology_n110_v01.qasm,/home/hoyt924.linux/qasmtrans/data/devices/routing_pressure/ibm_brisbane_sub110.json,4,2.000000,swap08_0917,"[0, 1, 2, 3, 4, 5, 6, 7, 8, 9, 10, 11, 12, 13, 14, 15, 16, 17, 18, 19, 20, 21, 22, 23, 24, 25, 26, 27, 28, 78, 30, 31, 32, 33, 34, 35, 36, 37, 38, 39, 40, 41, 42, 43, 44, 45, 46, 47, 48, 49, 50, 51, 52, 53, 54, 94, 56, 57, 58, 59, 60, 61, 77, 63, 64, 65, 66, 67, 68, 69, 86, 71, 72, 73, 74, 96, 76, 62, 29, 79, 80, 107, 82, 83, 84, 85, 70, 87, 88, 89, 90, 109, 92, 93, 55, 95, 75, 97, 100, 99, 98, 101, 102, 103, 104, 105, 106, 81, 108, 91]",error,,,,,,"Traceback (most recent call last):
  File ""/home/hoyt924.linux/qasmtrans/test/benchmarking/run_brisbane_pressure_bench.py"", line 305, in <module>
    main()
  File ""/home/hoyt924.linux/qasmtrans/test/benchmarking/run_brisbane_pressure_bench.py"", line 211, in main
    result = run_qasmtrans_case_inner(
  File ""/home/hoyt924.linux/qasmtrans/test/benchmarking/run_brisbane_pressure_bench.py"", line 75, in run_qasmtrans_case_inner
    res = qasmtrans.transpile_qasm(str(qasm_path), opts)
MemoryError: std::bad_alloc",ok,4047.245128,1335,16299,4117,,,
